timestamp,power_w
2025-11-28T10:40:00.129225,8.0
2025-11-28T10:41:00.431940,8.0
2025-11-28T10:42:00.077525,7.9
2025-11-28T10:43:00.567747,7.9
2025-11-28T10:43:34.935895,7.6
2025-11-28T10:44:00.160691,7.8
2025-11-28T10:45:00.660343,8.0
2025-11-28T10:46:00.729537,7.8
2025-11-28T10:47:00.198003,7.7
2025-11-28T10:48:00.192039,7.8
2025-11-28T10:49:00.201933,7.8
2025-11-28T10:50:00.207731,7.9
2025-11-28T10:51:00.572032,7.7
2025-11-28T10:51:24.294700,7.8
2025-11-28T10:52:00.424790,7.6
2025-11-28T10:53:00.432263,7.7
2025-11-28T10:54:00.442614,7.7
2025-11-28T10:54:02.630024,7.6
2025-11-28T10:54:03.609372,8
2025-11-28T10:54:05.121356,7.6
2025-11-28T10:54:05.611166,8
2025-11-28T10:54:06.610559,8
2025-11-28T10:54:08.126349,7.9
2025-11-28T10:54:08.617274,7.6
2025-11-28T10:54:09.611247,7.9
2025-11-28T10:54:11.627525,7.7
2025-11-28T10:54:11.638695,7.9
2025-11-28T10:54:12.611380,7.9
2025-11-28T10:54:13.612808,7.7
2025-11-28T10:54:15.632202,7.7
2025-11-28T10:54:15.636990,7.5
2025-11-28T10:54:16.611324,7.7
2025-11-28T10:54:17.608726,7.9
2025-11-28T10:54:19.625739,8
2025-11-28T10:54:19.631414,8
2025-11-28T10:54:20.613160,7.9
2025-11-28T10:54:26.894623,7.8
2025-11-28T10:54:27.888801,7.8
2025-11-28T10:54:41.188415,7.8
2025-11-28T10:54:51.226561,7.6
2025-11-28T10:55:00.451048,8.1
2025-11-28T10:55:01.126657,7.7
2025-11-28T10:55:11.293779,7.8
2025-11-28T10:55:21.330358,7.8
2025-11-28T10:55:31.160240,7.6
2025-11-28T10:55:41.195584,7.6
2025-11-28T10:55:45.589029,9.9
2025-11-28T10:55:45.602812,14.8
2025-11-28T10:55:47.827694,16.9
2025-11-28T10:55:48.472573,24.4
2025-11-28T10:55:48.479306,24.4
2025-11-28T10:55:49.454799,51.5
2025-11-28T10:55:50.866410,120.6
2025-11-28T10:55:50.870216,120.6
2025-11-28T10:55:51.126672,120.6
2025-11-28T10:55:52.168831,13.9
2025-11-28T10:55:52.889371,9.5
2025-11-28T10:55:52.894716,9.5
2025-11-28T10:55:53.456163,8.0
2025-11-28T10:55:54.456323,10.4
2025-11-28T10:55:55.462551,14.4
2025-11-28T10:55:56.495740,25.0
2025-11-28T10:55:56.500868,25.0
2025-11-28T10:55:57.456407,52.8
2025-11-28T10:55:58.473857,139.6
2025-11-28T10:55:58.478637,139.6
2025-11-28T10:55:59.861346,118.7
2025-11-28T10:56:00.661048,118.7
2025-11-28T10:56:00.702707,16.5
2025-11-28T10:56:00.703691,16.5
2025-11-28T10:56:01.129436,16.5
2025-11-28T10:56:01.456657,29.2
2025-11-28T10:56:02.473743,31.3
2025-11-28T10:56:02.480401,31.3
2025-11-28T10:56:03.466716,25.9
2025-11-28T10:56:04.886796,7.7
2025-11-28T10:56:04.892582,7.7
2025-11-28T10:56:05.464115,14.0
2025-11-28T10:56:06.935101,9.0
2025-11-28T10:56:07.460264,7.5
2025-11-28T10:56:08.983749,10.0
2025-11-28T10:56:09.474827,35.5
2025-11-28T10:56:10.966631,57.9
2025-11-28T10:56:10.972367,57.9
2025-11-28T10:56:11.128608,57.9
2025-11-28T10:56:12.158577,138.4
2025-11-28T10:56:12.477650,117.7
2025-11-28T10:56:12.487276,117.7
2025-11-28T10:56:13.461149,19.6
2025-11-28T10:56:14.935903,33.0
2025-11-28T10:56:14.943015,33.0
2025-11-28T10:56:16.472452,26.3
2025-11-28T10:56:16.479251,26.3
2025-11-28T10:56:17.876908,11.7
2025-11-28T10:56:18.472873,12.1
2025-11-28T10:56:21.336762,11.8
2025-11-28T10:56:22.475248,32.3
2025-11-28T10:56:22.481400,32.3
2025-11-28T10:56:23.942466,57.0
2025-11-28T10:56:24.478554,142.4
2025-11-28T10:56:24.488549,142.4
2025-11-28T10:56:25.459174,121.5
2025-11-28T10:56:26.929700,30.4
2025-11-28T10:56:26.944462,30.4
2025-11-28T10:56:27.455069,49.4
2025-11-28T10:56:28.472062,46.1
2025-11-28T10:56:28.477787,46.1
2025-11-28T10:56:29.883997,29.3
2025-11-28T10:56:30.473747,8.1
2025-11-28T10:56:30.483126,8.1
2025-11-28T10:56:31.129184,8.1
2025-11-28T10:56:32.457969,11.1
2025-11-28T10:56:33.943684,12.2
2025-11-28T10:56:34.463938,7.8
2025-11-28T10:56:35.959061,29.8
2025-11-28T10:56:36.477936,60.7
2025-11-28T10:56:36.487561,60.7
2025-11-28T10:56:37.914686,142.3
2025-11-28T10:56:38.968751,116.2
2025-11-28T10:56:38.979131,116.2
2025-11-28T10:56:39.458796,38.1
2025-11-28T10:56:40.476297,70.6
2025-11-28T10:56:40.482518,70.6
2025-11-28T10:56:41.143564,70.6
2025-11-28T10:56:41.465345,48.4
2025-11-28T10:56:42.903311,20.1
2025-11-28T10:56:42.911798,20.1
2025-11-28T10:56:43.463897,14.9
2025-11-28T10:56:44.485693,7.8
2025-11-28T10:56:44.497032,7.8
2025-11-28T10:56:46.845042,11.7
2025-11-28T10:56:47.464522,10.1
2025-11-28T10:56:48.851848,32.9
2025-11-28T10:56:48.857431,32.9
2025-11-28T10:56:49.784072,55.4
2025-11-28T10:56:50.478424,149.0
2025-11-28T10:56:50.488113,149.0
2025-11-28T10:56:51.125403,149
2025-11-28T10:56:52.145424,129.9
2025-11-28T10:56:52.471748,36.6
2025-11-28T10:56:52.479609,36.6
2025-11-28T10:56:53.461140,74.2
2025-11-28T10:56:54.900841,67.7
2025-11-28T10:56:54.942684,67.7
2025-11-28T10:56:55.462860,24.0
2025-11-28T10:56:56.950531,9.9
2025-11-28T10:56:56.960018,9.9
2025-11-28T10:57:00.492458,9.7
2025-11-28T10:57:01.128502,10.2
2025-11-28T10:57:02.148771,35.5
2025-11-28T10:57:02.967939,58.1
2025-11-28T10:57:02.976404,58.1
2025-11-28T10:57:03.461760,150.1
2025-11-28T10:57:04.955979,141.0
2025-11-28T10:57:04.965951,141.0
2025-11-28T10:57:05.467322,61.0
2025-11-28T10:57:06.904900,93.5
2025-11-28T10:57:06.911339,93.5
2025-11-28T10:57:07.961429,73.2
2025-11-28T10:57:08.473769,43.7
2025-11-28T10:57:08.478791,43.7
2025-11-28T10:57:09.908265,9.6
2025-11-28T10:57:10.455617,9.5
2025-11-28T10:57:11.124986,9.5
2025-11-28T10:57:15.098106,36.5
2025-11-28T10:57:15.104369,36.5
2025-11-28T10:57:15.461804,60.9
2025-11-28T10:57:16.476272,152.8
2025-11-28T10:57:16.480948,152.8
2025-11-28T10:57:18.477406,67.5
2025-11-28T10:57:18.484059,67.5
2025-11-28T10:57:19.460647,105.3
2025-11-28T10:57:20.466930,100.7
2025-11-28T10:57:21.128270,100.7
2025-11-28T10:57:22.153936,39.7
2025-11-28T10:57:22.505108,9.7
2025-11-28T10:57:22.516847,9.7
2025-11-28T10:57:26.474527,11.0
2025-11-28T10:57:27.460681,39.8
2025-11-28T10:57:28.920288,67.0
2025-11-28T10:57:28.931917,67.0
2025-11-28T10:57:29.456527,153.9
2025-11-28T10:57:30.935861,180.9
2025-11-28T10:57:30.978681,180.9
2025-11-28T10:57:31.128228,180.9
2025-11-28T10:57:31.895456,91.5
2025-11-28T10:57:32.489581,124.7
2025-11-28T10:57:32.497256,124.7
2025-11-28T10:57:33.939745,105.0
2025-11-28T10:57:34.473821,62.6
2025-11-28T10:57:34.484558,62.6
2025-11-28T10:57:35.897508,10.1
2025-11-28T10:57:36.458039,10.0
2025-11-28T10:57:40.605807,38.4
2025-11-28T10:57:40.615009,38.4
2025-11-28T10:57:41.126367,38.4
2025-11-28T10:57:41.465107,70.4
2025-11-28T10:57:42.999403,160.0
2025-11-28T10:57:43.009488,160.0
2025-11-28T10:57:43.924449,221.1
2025-11-28T10:57:44.950983,104.2
2025-11-28T10:57:44.956795,104.2
2025-11-28T10:57:45.943199,183.3
2025-11-28T10:57:46.967547,135.5
2025-11-28T10:57:46.976992,135.5
2025-11-28T10:57:47.927401,56.8
2025-11-28T10:57:48.472673,9.7
2025-11-28T10:57:48.480397,9.7
2025-11-28T10:57:51.245328,9.8
2025-11-28T10:57:52.469587,11.5
2025-11-28T10:57:53.462355,41.9
2025-11-28T10:57:54.932949,75.6
2025-11-28T10:57:54.938779,75.6
2025-11-28T10:57:55.460516,156.9
2025-11-28T10:57:56.951456,220.8
2025-11-28T10:57:56.957255,220.8
2025-11-28T10:57:57.461124,188.2
2025-11-28T10:57:58.935984,202.8
2025-11-28T10:57:58.944212,202.8
2025-11-28T10:57:59.459456,191.0
2025-11-28T10:58:00.728243,191.0
2025-11-28T10:58:00.748552,84.6
2025-11-28T10:58:00.762593,84.6
2025-11-28T10:58:01.128203,84.6
2025-11-28T10:58:01.460101,9.6
2025-11-28T10:58:02.454842,9.5
2025-11-28T10:58:05.589811,11.4
2025-11-28T10:58:06.477245,41.5
2025-11-28T10:58:06.489574,41.5
2025-11-28T10:58:07.454477,79.6
2025-11-28T10:58:08.477464,166.1
2025-11-28T10:58:08.522732,166.1
2025-11-28T10:58:10.519232,258.2
2025-11-28T10:58:10.541781,103.5
2025-11-28T10:58:10.548083,103.5
2025-11-28T10:58:11.125026,103.5
2025-11-28T10:58:11.534503,7.8
2025-11-28T10:58:12.487611,9.5
2025-11-28T10:58:12.494192,9.5
2025-11-28T10:58:13.828801,39.3
2025-11-28T10:58:14.467663,78.3
2025-11-28T10:58:14.471445,78.3
2025-11-28T10:58:15.859012,172.4
2025-11-28T10:58:16.476122,288.5
2025-11-28T10:58:16.481952,288.5
2025-11-28T10:58:17.813740,221.1
2025-11-28T10:58:18.494858,283.9
2025-11-28T10:58:19.762496,262.0
2025-11-28T10:58:20.498928,225.9
2025-11-28T10:58:20.503139,225.9
2025-11-28T10:58:21.137232,225.9
2025-11-28T10:58:22.154414,247.4
2025-11-28T10:58:22.453633,241.4
2025-11-28T10:58:23.518065,292.0
2025-11-28T10:58:24.452646,254.3
2025-11-28T10:58:26.965147,259.7
2025-11-28T10:58:28.947757,271.2
2025-11-28T10:58:31.127978,265.4
2025-11-28T10:58:32.645992,287.5
2025-11-28T10:58:32.651442,287.5
2025-11-28T10:58:35.097783,307.4
2025-11-28T10:58:35.103959,307.4
2025-11-28T10:58:35.453700,98.5
2025-11-28T10:58:36.949109,7.7
2025-11-28T10:58:36.954355,7.7
2025-11-28T10:58:37.453068,10.8
2025-11-28T10:58:38.996810,43.6
2025-11-28T10:58:39.001295,43.6
2025-11-28T10:58:39.955473,87.8
2025-11-28T10:58:40.947549,150.6
2025-11-28T10:58:40.955656,150.6
2025-11-28T10:58:41.128959,150.6
2025-11-28T10:58:41.455334,286.0
2025-11-28T10:58:42.502338,291.9
2025-11-28T10:58:45.524566,266.3
2025-11-28T10:58:46.900379,294.5
2025-11-28T10:58:51.253842,277.4
2025-11-28T10:58:51.393920,277.4
2025-11-28T10:58:51.567124,296.0
2025-11-28T10:58:58.843230,316.3
2025-11-28T10:58:58.855444,316.3
2025-11-28T10:59:00.295864,301.8
2025-11-28T10:59:00.845968,93.2
2025-11-28T10:59:00.854439,93.2
2025-11-28T10:59:01.124012,93.2
2025-11-28T10:59:01.875310,7.7
2025-11-28T10:59:02.963065,11.8
2025-11-28T10:59:02.975721,11.8
2025-11-28T10:59:03.894731,45.6
2025-11-28T10:59:04.489027,97.5
2025-11-28T10:59:04.496805,97.5
2025-11-28T10:59:05.877312,167.9
2025-11-28T10:59:06.472891,315.6
2025-11-28T10:59:06.480911,315.6
2025-11-28T10:59:07.926644,291.1
2025-11-28T10:59:08.455977,313.0
2025-11-28T10:59:10.469583,279.4
2025-11-28T10:59:10.474444,279.4
2025-11-28T10:59:11.125926,279.4
2025-11-28T10:59:11.453315,308.3
2025-11-28T10:59:12.461429,308.2
2025-11-28T10:59:13.454075,276.1
2025-11-28T10:59:14.460673,300.1
2025-11-28T10:59:17.473140,316.9
2025-11-28T10:59:21.011738,333.7
2025-11-28T10:59:21.016852,333.7
2025-11-28T10:59:21.125473,333.7
2025-11-28T10:59:21.882545,313.7
2025-11-28T10:59:26.167305,63.7
2025-11-28T10:59:26.475779,7.9
2025-11-28T10:59:26.482230,7.9
2025-11-28T10:59:27.958890,13.3
2025-11-28T10:59:28.478472,49.0
2025-11-28T10:59:28.488025,49.0
2025-11-28T10:59:29.910713,106.7
2025-11-28T10:59:30.971977,163.1
2025-11-28T10:59:30.979992,163.1
2025-11-28T10:59:31.125633,163.1
2025-11-28T10:59:32.160151,321.8
2025-11-28T10:59:32.462418,316.8
2025-11-28T10:59:37.016639,339.7
2025-11-28T10:59:37.029488,339.7
2025-11-28T10:59:41.231187,345.9
2025-11-28T10:59:46.559909,314.1
2025-11-28T10:59:46.565737,314.1
2025-11-28T10:59:48.505845,342.8
2025-11-28T10:59:48.511897,342.8
2025-11-28T10:59:49.461163,304.5
2025-11-28T10:59:51.491172,27.6
2025-11-28T10:59:51.498569,27.6
2025-11-28T10:59:51.515766,27.6
2025-11-28T10:59:51.570684,7.6
2025-11-28T10:59:52.485540,14.0
2025-11-28T10:59:52.493288,14.0
2025-11-28T10:59:53.455797,49.5
2025-11-28T10:59:55.543573,116.4
2025-11-28T10:59:55.550494,116.4
2025-11-28T10:59:55.572664,174.8
2025-11-28T10:59:56.473213,315.9
2025-11-28T10:59:56.518732,315.9
2025-11-28T11:00:00.481611,321.0
2025-11-28T11:00:00.491252,337.8
2025-11-28T11:00:00.495513,337.8
2025-11-28T11:00:01.124321,337.8
2025-11-28T11:00:01.453486,320.4
2025-11-28T11:00:02.802574,316.9
2025-11-28T11:00:05.941171,346.6
2025-11-28T11:00:06.454383,340.2
2025-11-28T11:00:07.891190,318.7
2025-11-28T11:00:11.331035,333.9
2025-11-28T11:00:12.642719,345.2
2025-11-28T11:00:13.471752,321.5
2025-11-28T11:00:14.457804,312.0
2025-11-28T11:00:15.988565,16.0
2025-11-28T11:00:16.487345,7.7
2025-11-28T11:00:16.494920,7.7
2025-11-28T11:00:17.451783,16.8
2025-11-28T11:00:18.903949,53.0
2025-11-28T11:00:18.912720,53.0
2025-11-28T11:00:19.461990,125.2
2025-11-28T11:00:20.473246,195.9
2025-11-28T11:00:20.479889,195.9
2025-11-28T11:00:21.126993,195.9
2025-11-28T11:00:21.910976,326.8
2025-11-28T11:00:22.471295,306.0
2025-11-28T11:00:22.477154,306.0
2025-11-28T11:00:23.924951,333.2
2025-11-28T11:00:24.952002,325.7
2025-11-28T11:00:29.047406,316.5
2025-11-28T11:00:30.936568,340.5
2025-11-28T11:00:31.126410,340.5
2025-11-28T11:00:34.479466,322.3
2025-11-28T11:00:35.455878,342.8
2025-11-28T11:00:36.489801,360.5
2025-11-28T11:00:36.495173,360.5
2025-11-28T11:00:37.461182,323.9
2025-11-28T11:00:38.872294,345.3
2025-11-28T11:00:39.456709,306.7
2025-11-28T11:00:40.474937,7.2
2025-11-28T11:00:40.485469,7.2
2025-11-28T11:00:41.124663,7.2
2025-11-28T11:00:42.937083,18.3
2025-11-28T11:00:42.944069,18.3
2025-11-28T11:00:43.451934,53.0
2025-11-28T11:00:44.949142,130.0
2025-11-28T11:00:44.990706,130.0
2025-11-28T11:00:45.457610,205.3
2025-11-28T11:00:46.934470,365.5
2025-11-28T11:00:46.940104,365.5
2025-11-28T11:00:47.460164,332.1
2025-11-28T11:00:48.949276,357.4
2025-11-28T11:00:49.455691,334.1
2025-11-28T11:00:50.934491,337.6
2025-11-28T11:00:51.126721,337.6
2025-11-28T11:00:51.973827,351.8
2025-11-28T11:00:52.952566,331.9
2025-11-28T11:00:54.967127,359.9
2025-11-28T11:00:54.977278,359.9
2025-11-28T11:00:55.928928,328.2
2025-11-28T11:00:56.452918,339.7
2025-11-28T11:00:57.908514,350.4
2025-11-28T11:00:58.456321,326.4
2025-11-28T11:00:59.959648,343.2
2025-11-28T11:01:00.278006,343.2
2025-11-28T11:01:01.126896,335.3
2025-11-28T11:01:05.020049,324.0
2025-11-28T11:01:05.459758,7.3
2025-11-28T11:01:06.835259,7.7
2025-11-28T11:01:07.459433,21.1
2025-11-28T11:01:08.856016,55.7
2025-11-28T11:01:08.868717,55.7
2025-11-28T11:01:09.946857,132.2
2025-11-28T11:01:10.966361,214.9
2025-11-28T11:01:11.003199,214.9
2025-11-28T11:01:11.124496,214.9
2025-11-28T11:01:11.458902,322.3
2025-11-28T11:01:12.883241,327.9
2025-11-28T11:01:15.649018,339.9
2025-11-28T11:01:20.564399,318.2
2025-11-28T11:01:21.125603,318.2
2025-11-28T11:01:22.456438,336.4
2025-11-28T11:01:24.458486,350.3
2025-11-28T11:01:30.073308,356.3
2025-11-28T11:01:30.480455,7.4
2025-11-28T11:01:30.493919,7.4
2025-11-28T11:01:31.124944,7.4
2025-11-28T11:01:32.476302,24.4
2025-11-28T11:01:32.481624,24.4
2025-11-28T11:01:33.819905,55.7
2025-11-28T11:01:34.476569,135.3
2025-11-28T11:01:34.484418,135.3
2025-11-28T11:01:35.766677,229.3
2025-11-28T11:01:36.474104,354.7
2025-11-28T11:01:36.478847,354.7
2025-11-28T11:01:38.806833,332.4
2025-11-28T11:01:38.850703,332.4
2025-11-28T11:01:39.450812,366.8
2025-11-28T11:01:40.825321,353.2
2025-11-28T11:01:41.128610,353.2
2025-11-28T11:01:41.782840,348.5
2025-11-28T11:01:44.527612,330.9
2025-11-28T11:01:44.570704,330.9
2025-11-28T11:01:51.275463,324.2
2025-11-28T11:01:52.150353,307.4
2025-11-28T11:01:52.453542,323.2
2025-11-28T11:01:54.472230,298.3
2025-11-28T11:01:54.477685,298.3
2025-11-28T11:01:55.458661,7.5
2025-11-28T11:01:56.891346,7.7
2025-11-28T11:01:57.983416,27.5
2025-11-28T11:01:59.002990,57.3
2025-11-28T11:01:59.010802,57.3
2025-11-28T11:01:59.925781,145.5
2025-11-28T11:02:00.758499,145.5
2025-11-28T11:02:00.802707,308.0
2025-11-28T11:02:00.803623,308.0
2025-11-28T11:02:01.124391,308
2025-11-28T11:02:01.453204,331.9
2025-11-28T11:02:06.642226,334.7
2025-11-28T11:02:07.462541,290.1
2025-11-28T11:02:08.459582,326.1
2025-11-28T11:02:11.140865,336.4
2025-11-28T11:02:12.148854,299.1
2025-11-28T11:02:12.456170,318.9
2025-11-28T11:02:15.655204,302.4
2025-11-28T11:02:17.022445,343.7
2025-11-28T11:02:19.551046,296.6
2025-11-28T11:02:20.483828,7.4
2025-11-28T11:02:20.498502,7.4
2025-11-28T11:02:21.127423,7.4
2025-11-28T11:02:22.471270,27.8
2025-11-28T11:02:22.476946,27.8
2025-11-28T11:02:23.831403,56.6
2025-11-28T11:02:24.475112,152.0
2025-11-28T11:02:24.480291,152.0
2025-11-28T11:02:25.783540,260.9
2025-11-28T11:02:26.474980,358.7
2025-11-28T11:02:26.485224,358.7
2025-11-28T11:02:31.213084,356.9
2025-11-28T11:02:33.472254,337.5
2025-11-28T11:02:37.944404,363.7
2025-11-28T11:02:41.247319,349.8
2025-11-28T11:02:41.454396,344.5
2025-11-28T11:02:43.924235,363.3
2025-11-28T11:02:44.984426,223.0
2025-11-28T11:02:45.026761,223.0
2025-11-28T11:02:45.908983,7.9
2025-11-28T11:02:46.931921,8.1
2025-11-28T11:02:47.460591,34.9
2025-11-28T11:02:48.473584,58.6
2025-11-28T11:02:48.482634,58.6
2025-11-28T11:02:49.464842,163.4
2025-11-28T11:02:50.937016,262.3
2025-11-28T11:02:50.944406,262.3
2025-11-28T11:02:51.121426,262.3
2025-11-28T11:02:51.896154,352.1
2025-11-28T11:02:52.979852,357.0
2025-11-28T11:02:57.146657,336.8
2025-11-28T11:02:57.454141,329.3
2025-11-28T11:02:59.004684,356.0
2025-11-28T11:02:59.015885,356.0
2025-11-28T11:02:59.452880,336.1
2025-11-28T11:03:00.725548,336.1
2025-11-28T11:03:00.737428,355.0
2025-11-28T11:03:01.122357,355
2025-11-28T11:03:01.458397,330.4
2025-11-28T11:03:02.457987,335.2
2025-11-28T11:03:04.457983,350.3
2025-11-28T11:03:06.475727,369.1
2025-11-28T11:03:06.484139,369.1
2025-11-28T11:03:08.892247,330.6
2025-11-28T11:03:08.906917,330.6
2025-11-28T11:03:09.459430,207.2
2025-11-28T11:03:10.938827,7.8
2025-11-28T11:03:10.943821,7.8
2025-11-28T11:03:11.127897,7.8
2025-11-28T11:03:12.468783,37.3
2025-11-28T11:03:12.474924,37.3
2025-11-28T11:03:13.877477,64.6
2025-11-28T11:03:14.489385,171.3
2025-11-28T11:03:14.499077,171.3
2025-11-28T11:03:15.454766,285.9
2025-11-28T11:03:16.476351,342.2
2025-11-28T11:03:16.485645,342.2
2025-11-28T11:03:19.555097,366.6
2025-11-28T11:03:20.465882,340.5
2025-11-28T11:03:21.124499,340.5
2025-11-28T11:03:24.818528,323.3
2025-11-28T11:03:25.459238,342.7
2025-11-28T11:03:27.453370,324.0
2025-11-28T11:03:31.219454,328.5
2025-11-28T11:03:32.480531,340.3
2025-11-28T11:03:34.471513,160.5
2025-11-28T11:03:34.478865,160.5
2025-11-28T11:03:35.455391,7.6
2025-11-28T11:03:36.469737,9.4
2025-11-28T11:03:36.479093,9.4
2025-11-28T11:03:37.460829,41.7
2025-11-28T11:03:38.907326,75.2
2025-11-28T11:03:38.950765,75.2
2025-11-28T11:03:39.459688,172.5
2025-11-28T11:03:40.947559,280.4
2025-11-28T11:03:40.954745,280.4
2025-11-28T11:03:41.127589,280.4
2025-11-28T11:03:41.459514,339.2
2025-11-28T11:03:42.904621,348.4
2025-11-28T11:03:44.479397,321.6
2025-11-28T11:03:44.522869,321.6
2025-11-28T11:03:51.290226,327
2025-11-28T11:03:51.460198,346.0
2025-11-28T11:03:53.009060,323.7
2025-11-28T11:03:59.506302,141.7
2025-11-28T11:04:00.281656,141.7
2025-11-28T11:04:00.475927,7.8
2025-11-28T11:04:00.484806,7.8
2025-11-28T11:04:01.123133,7.8
2025-11-28T11:04:01.485783,9.8
2025-11-28T11:04:02.468189,42.6
2025-11-28T11:04:02.472907,42.6
2025-11-28T11:04:03.459823,84.8
2025-11-28T11:04:04.883248,193.8
2025-11-28T11:04:04.889452,193.8
2025-11-28T11:04:05.456327,327.2
2025-11-28T11:04:06.932957,339.7
2025-11-28T11:04:08.985721,359.8
2025-11-28T11:04:09.000674,359.8
2025-11-28T11:04:09.906969,139.0
2025-11-28T11:04:10.968045,7.7
2025-11-28T11:04:10.973662,7.7
2025-11-28T11:04:11.125991,7.7
2025-11-28T11:04:12.451480,14.2
2025-11-28T11:04:14.941794,16.8
2025-11-28T11:04:14.948563,16.8
2025-11-28T11:04:15.459626,21.6
2025-11-28T11:04:16.918959,30.6
2025-11-28T11:04:16.929013,30.6
2025-11-28T11:04:17.459294,37.7
2025-11-28T11:04:18.470688,40.9
2025-11-28T11:04:18.476691,40.9
2025-11-28T11:04:21.191412,42
2025-11-28T11:04:31.226508,42.8
2025-11-28T11:04:41.263569,42.8
2025-11-28T11:04:43.148707,50.7
2025-11-28T11:04:43.158487,50.7
2025-11-28T11:04:43.892641,86.8
2025-11-28T11:04:44.475273,150.3
2025-11-28T11:04:44.485869,150.3
2025-11-28T11:04:45.943142,210.4
2025-11-28T11:04:46.470671,307.4
2025-11-28T11:04:46.479745,307.4
2025-11-28T11:04:47.895046,190.7
2025-11-28T11:04:48.470104,216.4
2025-11-28T11:04:48.481644,216.4
2025-11-28T11:04:49.455852,233.9
2025-11-28T11:04:50.903916,236.7
2025-11-28T11:04:51.125081,236.7
2025-11-28T11:04:52.984982,208.8
2025-11-28T11:04:53.026693,208.8
2025-11-28T11:04:54.474446,189.7
2025-11-28T11:04:54.480339,189.7
2025-11-28T11:04:55.860369,246.1
2025-11-28T11:04:56.483266,204.5
2025-11-28T11:04:56.489139,204.5
2025-11-28T11:05:00.663129,208.4
2025-11-28T11:05:01.130986,210.9
2025-11-28T11:05:01.458449,180.4
2025-11-28T11:05:02.479113,25.1
2025-11-28T11:05:02.485276,25.1
2025-11-28T11:05:03.449767,7.9
2025-11-28T11:05:04.884313,14.5
2025-11-28T11:05:04.897539,14.5
2025-11-28T11:05:06.458704,16.5
2025-11-28T11:05:07.931303,20.4
2025-11-28T11:05:08.467128,26.7
2025-11-28T11:05:08.471960,26.7
2025-11-28T11:05:09.916711,22.6
2025-11-28T11:05:10.474325,15.4
2025-11-28T11:05:10.480409,15.4
2025-11-28T11:05:11.121273,15.4
2025-11-28T11:05:12.454661,14.3
2025-11-28T11:05:16.951696,15.7
2025-11-28T11:05:20.606942,8.8
2025-11-28T11:05:20.650723,8.8
2025-11-28T11:05:21.120631,8.8
2025-11-28T11:05:22.008075,16.4
2025-11-28T11:05:22.996122,53.0
2025-11-28T11:05:23.003263,53.0
2025-11-28T11:05:23.453889,130.1
2025-11-28T11:05:24.474376,273.0
2025-11-28T11:05:24.483028,273.0
2025-11-28T11:05:26.873905,150.0
2025-11-28T11:05:26.882156,150.0
2025-11-28T11:05:27.453067,167.2
2025-11-28T11:05:28.920535,157.1
2025-11-28T11:05:29.458944,166.1
2025-11-28T11:05:30.998554,194.3
2025-11-28T11:05:31.003828,194.3
2025-11-28T11:05:31.122624,194.3
2025-11-28T11:05:31.457596,182.0
2025-11-28T11:05:32.890229,179.8
2025-11-28T11:05:33.454828,208.7
2025-11-28T11:05:34.485225,175.1
2025-11-28T11:05:35.455763,23.1
2025-11-28T11:05:36.473797,13.0
2025-11-28T11:05:36.483595,13.0
2025-11-28T11:05:37.452303,15.1
2025-11-28T11:05:38.904404,48.6
2025-11-28T11:05:38.912663,48.6
2025-11-28T11:05:39.924667,93.3
2025-11-28T11:05:40.981114,206.1
2025-11-28T11:05:40.988423,206.1
2025-11-28T11:05:41.124989,206.1
2025-11-28T11:05:42.150316,284.5
2025-11-28T11:05:42.471527,187.9
2025-11-28T11:05:42.482457,187.9
2025-11-28T11:05:46.038903,155.9
2025-11-28T11:05:46.456173,188.5
2025-11-28T11:05:50.904936,202.2
2025-11-28T11:05:50.913589,202.2
2025-11-28T11:05:51.121870,202.2
2025-11-28T11:05:51.450656,54.3
2025-11-28T11:05:52.472559,12.7
2025-11-28T11:05:52.480666,12.7
2025-11-28T11:05:54.479503,22.4
2025-11-28T11:05:54.522696,22.4
2025-11-28T11:05:55.454165,58.5
2025-11-28T11:05:56.886132,132.8
2025-11-28T11:05:56.893327,132.8
2025-11-28T11:05:57.942432,217.6
2025-11-28T11:05:58.965384,257.0
2025-11-28T11:05:58.975451,257.0
2025-11-28T11:05:59.923547,12.5
2025-11-28T11:06:00.757272,12.5
2025-11-28T11:06:00.770154,12.8
2025-11-28T11:06:01.122666,12.8
2025-11-28T11:06:01.459145,27.7
2025-11-28T11:06:02.474194,61.2
2025-11-28T11:06:02.485225,61.2
2025-11-28T11:06:03.452312,141.5
2025-11-28T11:06:04.888805,268.1
2025-11-28T11:06:04.896364,268.1
2025-11-28T11:06:05.455278,193.9
2025-11-28T11:06:06.467994,12.6
2025-11-28T11:06:06.476771,12.6
2025-11-28T11:06:08.472958,34.4
2025-11-28T11:06:08.483406,34.4
2025-11-28T11:06:09.816738,62.5
2025-11-28T11:06:10.470224,156.1
2025-11-28T11:06:10.514687,156.1
2025-11-28T11:06:11.123394,156.1
2025-11-28T11:06:12.144103,283.7
2025-11-28T11:06:12.919437,141.9
2025-11-28T11:06:12.929116,141.9
2025-11-28T11:06:13.484323,12.2
2025-11-28T11:06:14.458844,13.1
2025-11-28T11:06:15.457283,41.2
2025-11-28T11:06:16.468813,65.2
2025-11-28T11:06:16.480106,65.2
2025-11-28T11:06:17.880534,181.4
2025-11-28T11:06:18.472056,310.6
2025-11-28T11:06:18.478773,310.6
2025-11-28T11:06:19.927596,105.9
2025-11-28T11:06:20.948196,12.7
2025-11-28T11:06:20.957376,12.7
2025-11-28T11:06:21.122128,12.7
2025-11-28T11:06:22.948931,44.6
2025-11-28T11:06:22.969751,44.6
2025-11-28T11:06:23.465661,72.0
2025-11-28T11:06:24.893039,176.3
2025-11-28T11:06:24.903633,176.3
2025-11-28T11:06:25.457720,293.9
2025-11-28T11:06:26.935609,97.7
2025-11-28T11:06:26.944283,97.7
2025-11-28T11:06:27.456337,12.2
2025-11-28T11:06:28.920379,15.8
2025-11-28T11:06:28.927832,15.8
2025-11-28T11:06:29.944402,49.9
2025-11-28T11:06:30.472570,91.4
2025-11-28T11:06:30.482102,91.4
2025-11-28T11:06:31.126553,91.4
2025-11-28T11:06:32.147245,199.5
2025-11-28T11:06:32.466155,302.1
2025-11-28T11:06:32.510713,302.1
2025-11-28T11:06:33.450232,61.6
2025-11-28T11:06:34.932456,12.6
2025-11-28T11:06:34.939250,12.6
2025-11-28T11:06:36.471290,23.3
2025-11-28T11:06:36.479562,23.3
2025-11-28T11:06:37.450484,58.1
2025-11-28T11:06:38.898454,115.5
2025-11-28T11:06:38.905649,115.5
2025-11-28T11:06:39.459884,167.2
2025-11-28T11:06:40.470517,283.1
2025-11-28T11:06:40.478874,283.1
2025-11-28T11:06:41.123134,283.1
2025-11-28T11:06:41.879346,265.5
2025-11-28T11:06:42.465714,170.4
2025-11-28T11:06:42.470840,170.4
2025-11-28T11:06:43.930071,73.4
2025-11-28T11:06:44.982222,85.8
2025-11-28T11:06:44.991061,85.8
2025-11-28T11:06:45.456559,71.9
2025-11-28T11:06:46.901099,69.6
2025-11-28T11:06:48.984064,66.1
2025-11-28T11:06:48.992749,66.1
2025-11-28T11:06:49.954666,48.0
2025-11-28T11:06:50.932003,50.3
2025-11-28T11:06:51.121372,50.3
2025-11-28T11:06:52.650185,50.6
2025-11-28T11:06:53.974518,43.2
2025-11-28T11:06:54.999511,63.3
2025-11-28T11:06:55.021451,63.3
2025-11-28T11:06:55.892514,79.4
2025-11-28T11:06:56.951655,81.5
2025-11-28T11:06:57.940058,88.1
2025-11-28T11:06:58.465637,95.0
2025-11-28T11:06:58.476792,95.0
2025-11-28T11:06:59.454528,104.9
2025-11-28T11:07:00.299021,104.9
2025-11-28T11:07:00.477066,114.7
2025-11-28T11:07:00.488258,114.7
2025-11-28T11:07:01.119878,114.7
2025-11-28T11:07:02.164926,124.8
2025-11-28T11:07:02.473613,136.1
2025-11-28T11:07:02.483790,136.1
2025-11-28T11:07:03.862841,146.6
2025-11-28T11:07:04.471646,161.3
2025-11-28T11:07:04.514687,161.3
2025-11-28T11:07:05.821714,179.2
2025-11-28T11:07:06.470123,194.1
2025-11-28T11:07:06.480730,194.1
2025-11-28T11:07:07.764396,210.3
2025-11-28T11:07:08.467147,228.9
2025-11-28T11:07:08.477117,228.9
2025-11-28T11:07:09.457183,247.2
2025-11-28T11:07:10.478205,274.4
2025-11-28T11:07:10.489033,274.4
2025-11-28T11:07:11.124924,274.4
2025-11-28T11:07:11.449342,301.6
2025-11-28T11:07:12.887147,328.7
2025-11-28T11:07:12.896701,328.7
2025-11-28T11:07:13.467142,360.2
2025-11-28T11:07:14.934365,400.4
2025-11-28T11:07:14.944714,400.4
2025-11-28T11:07:17.537320,101.1
2025-11-28T11:07:18.477964,20.3
2025-11-28T11:07:18.487139,20.3
2025-11-28T11:07:19.798360,18.6
2025-11-28T11:07:20.467685,33.0
2025-11-28T11:07:20.474140,33.0
2025-11-28T11:07:21.124286,33
2025-11-28T11:07:22.145605,54.1
2025-11-28T11:07:22.935884,45.0
2025-11-28T11:07:22.945553,45.0
2025-11-28T11:07:23.451806,41.9
2025-11-28T11:07:24.888491,40.3
2025-11-28T11:07:26.995246,44.2
2025-11-28T11:07:27.000798,44.2
2025-11-28T11:07:28.954218,42.1
2025-11-28T11:07:30.977319,46.9
2025-11-28T11:07:30.982835,46.9
2025-11-28T11:07:31.119959,46.9
2025-11-28T11:07:32.952962,44.1
2025-11-28T11:07:32.963149,44.1
2025-11-28T11:07:34.870878,52.5
2025-11-28T11:07:34.876888,52.5
2025-11-28T11:07:35.456226,56.7
2025-11-28T11:07:36.951304,53.3
2025-11-28T11:07:40.152829,56.8
2025-11-28T11:07:40.450588,58.3
2025-11-28T11:07:41.120318,58.3
2025-11-28T11:07:43.464946,59.8
2025-11-28T11:07:44.988164,64.5
2025-11-28T11:07:44.995433,64.5
2025-11-28T11:07:49.485136,69.2
2025-11-28T11:07:50.905102,69.2
2025-11-28T11:07:51.122651,69.2
2025-11-28T11:07:52.467733,65.1
2025-11-28T11:07:52.473848,65.1
2025-11-28T11:07:54.930809,68.9
2025-11-28T11:07:54.936009,68.9
2025-11-28T11:08:00.792318,69.2
2025-11-28T11:08:01.122242,68.5
2025-11-28T11:08:02.477066,64.9
2025-11-28T11:08:02.487764,64.9
2025-11-28T11:08:03.449772,80.1
2025-11-28T11:08:04.858611,91.8
2025-11-28T11:08:04.864326,91.8
2025-11-28T11:08:05.461841,100.1
2025-11-28T11:08:06.966449,110.8
2025-11-28T11:08:06.973441,110.8
2025-11-28T11:08:07.451486,124.2
2025-11-28T11:08:08.919857,134.0
2025-11-28T11:08:08.928417,134.0
2025-11-28T11:08:09.912345,149.8
2025-11-28T11:08:10.453948,135.3
2025-11-28T11:08:11.120066,135.3
2025-11-28T11:08:21.218356,139.9
2025-11-28T11:08:24.501139,141.4
2025-11-28T11:08:31.253942,140.1
2025-11-28T11:08:33.463049,142.2
2025-11-28T11:08:41.288239,139.2
2025-11-28T11:08:51.323027,138.9
2025-11-28T11:09:00.727797,139.5
2025-11-28T11:09:01.118793,140.1
2025-11-28T11:09:09.560729,75.8
2025-11-28T11:09:10.875563,7.8
2025-11-28T11:09:10.884479,7.8
2025-11-28T11:09:11.115427,7.8
2025-11-28T11:09:13.657808,9.6
2025-11-28T11:09:14.463332,15.9
2025-11-28T11:09:14.506704,15.9
2025-11-28T11:09:15.894823,11.8
2025-11-28T11:09:17.942960,9.7
2025-11-28T11:09:18.464653,7.9
2025-11-28T11:09:18.475996,7.9
2025-11-28T11:09:20.463718,35.3
2025-11-28T11:09:20.469818,35.3
2025-11-28T11:09:21.113192,35.3
2025-11-28T11:09:22.143065,63.8
2025-11-28T11:09:22.462780,161.3
2025-11-28T11:09:22.469726,161.3
2025-11-28T11:09:25.300190,82.2
2025-11-28T11:09:25.342756,82.2
2025-11-28T11:09:25.441630,76.4
2025-11-28T11:09:26.834616,88.3
2025-11-28T11:09:26.839439,88.3
2025-11-28T11:09:27.446670,96.1
2025-11-28T11:09:30.652780,117.8
2025-11-28T11:09:30.658527,117.8
2025-11-28T11:09:31.115945,117.8
2025-11-28T11:09:31.444186,124.7
2025-11-28T11:09:32.888011,110.9
2025-11-28T11:09:32.898679,110.9
2025-11-28T11:09:34.933016,119.9
2025-11-28T11:09:34.946588,119.9
2025-11-28T11:09:35.447858,128.1
2025-11-28T11:09:37.460357,137.3
2025-11-28T11:09:38.443379,124.0
2025-11-28T11:09:40.883845,125.7
2025-11-28T11:09:41.110743,125.7
2025-11-28T11:09:41.448900,114.2
2025-11-28T11:09:42.458882,62.5
2025-11-28T11:09:42.463583,62.5
2025-11-28T11:09:43.927451,7.7
2025-11-28T11:09:44.461443,9.4
2025-11-28T11:09:44.467192,9.4
2025-11-28T11:09:45.879769,40.8
2025-11-28T11:09:47.003613,30.9
2025-11-28T11:09:47.021597,30.9
2025-11-28T11:09:47.891714,14.7
2025-11-28T11:09:48.947476,12.1
2025-11-28T11:09:48.952803,12.1
2025-11-28T11:09:51.114185,12
2025-11-28T11:09:55.068358,9.2
2025-11-28T11:09:55.446206,7.8
2025-11-28T11:09:56.887120,9.8
2025-11-28T11:09:57.458891,41.8
2025-11-28T11:09:58.967411,84.5
2025-11-28T11:09:58.977545,84.5
2025-11-28T11:09:59.440037,165.2
2025-11-28T11:10:00.724073,165.2
2025-11-28T11:10:00.739821,194.2
2025-11-28T11:10:00.746729,194.2
2025-11-28T11:10:01.114767,194.2
2025-11-28T11:10:01.438551,111.6
2025-11-28T11:10:02.443514,112.7
2025-11-28T11:10:03.440296,132.3
2025-11-28T11:10:04.885180,130.3
2025-11-28T11:10:07.517651,119.7
2025-11-28T11:10:08.952720,130.5
2025-11-28T11:10:11.111581,128.5
2025-11-28T11:10:11.931154,141.4
2025-11-28T11:10:12.453078,124.7
2025-11-28T11:10:14.469062,113.9
2025-11-28T11:10:14.487553,113.9
2025-11-28T11:10:16.471507,123.2
2025-11-28T11:10:17.623596,123.2
2025-11-28T11:10:17.654950,145.4
2025-11-28T11:10:18.477061,107.6
2025-11-28T11:10:18.903583,107.6
2025-11-28T11:10:19.439874,37.6
2025-11-28T11:10:20.922472,8.1
2025-11-28T11:10:20.966726,8.1
2025-11-28T11:10:21.108161,8.1
2025-11-28T11:10:21.911612,11.4
2025-11-28T11:10:22.464547,45.1
2025-11-28T11:10:22.471548,45.1
2025-11-28T11:10:23.901491,27.5
2025-11-28T11:10:24.474759,14.3
2025-11-28T11:10:24.484279,14.3
2025-11-28T11:10:25.879371,11.8
2025-11-28T11:10:31.260753,12.1
2025-11-28T11:10:38.643352,8.7
2025-11-28T11:10:39.442816,7.7
2025-11-28T11:10:40.445314,8.9
2025-11-28T11:10:41.110668,8.9
2025-11-28T11:10:41.437327,13.8
2025-11-28T11:10:43.966987,18.4
2025-11-28T11:10:44.451562,24.1
2025-11-28T11:10:44.457447,24.1
2025-11-28T11:10:45.912884,31.0
2025-11-28T11:10:46.993613,44.8
2025-11-28T11:10:46.999367,44.8
2025-11-28T11:10:47.519152,83.6
2025-11-28T11:10:48.853098,149.2
2025-11-28T11:10:48.861785,149.2
2025-11-28T11:10:49.909822,192.1
2025-11-28T11:10:50.963498,228.2
2025-11-28T11:10:50.974484,228.2
2025-11-28T11:10:51.181202,228.2
2025-11-28T11:10:52.202422,115.0
2025-11-28T11:10:52.453449,167.5
2025-11-28T11:10:52.458522,167.5
2025-11-28T11:10:55.856129,156.7
2025-11-28T11:10:57.440028,183.7
2025-11-28T11:10:58.967815,146.0
2025-11-28T11:10:59.010699,146.0
2025-11-28T11:10:59.441561,133.2
2025-11-28T11:11:00.258509,133.2
2025-11-28T11:11:00.440571,140.7
2025-11-28T11:11:01.106749,140.7
2025-11-28T11:11:01.435344,113.2
2025-11-28T11:11:02.867600,142.3
2025-11-28T11:11:06.005731,117.5
2025-11-28T11:11:06.456525,18.0
2025-11-28T11:11:06.464355,18.0
2025-11-28T11:11:07.441752,7.6
2025-11-28T11:11:08.458770,14.6
2025-11-28T11:11:08.468086,14.6
2025-11-28T11:11:10.852548,16.4
2025-11-28T11:11:11.108827,16.4
2025-11-28T11:11:11.436320,19.8
2025-11-28T11:11:12.885512,25.2
2025-11-28T11:11:12.891953,25.2
2025-11-28T11:11:13.434026,18.3
2025-11-28T11:11:14.454536,14.7
2025-11-28T11:11:14.459500,14.7
2025-11-28T11:11:21.231656,15.6
2025-11-28T11:11:22.437162,16.0
2025-11-28T11:11:24.453263,9.1
2025-11-28T11:11:24.459106,9.1
2025-11-28T11:11:25.439160,22.0
2025-11-28T11:11:26.902860,55.0
2025-11-28T11:11:26.912064,55.0
2025-11-28T11:11:27.454986,132.1
2025-11-28T11:11:28.906028,169.1
2025-11-28T11:11:28.910968,169.1
2025-11-28T11:11:29.441264,258.9
2025-11-28T11:11:30.935117,193.3
2025-11-28T11:11:30.944233,193.3
2025-11-28T11:11:31.108770,193.3
2025-11-28T11:11:31.436086,177.8
2025-11-28T11:11:32.919130,73.5
2025-11-28T11:11:32.962743,73.5
2025-11-28T11:11:33.911298,64.5
2025-11-28T11:11:34.963929,74.3
2025-11-28T11:11:35.436186,55.4
2025-11-28T11:11:36.453520,56.1
2025-11-28T11:11:37.442800,38.7
2025-11-28T11:11:38.941035,44.9
2025-11-28T11:11:38.947997,44.9
2025-11-28T11:11:39.433496,37.8
2025-11-28T11:11:40.436921,43.4
2025-11-28T11:11:41.108811,43.4
2025-11-28T11:11:41.914228,36.0
2025-11-28T11:11:42.454184,73.8
2025-11-28T11:11:42.464325,73.8
2025-11-28T11:11:44.919725,81.5
2025-11-28T11:11:44.929711,81.5
2025-11-28T11:11:45.439652,89.6
2025-11-28T11:11:46.901482,103.7
2025-11-28T11:11:46.907795,103.7
2025-11-28T11:11:47.433022,109.1
2025-11-28T11:11:48.453056,118.4
2025-11-28T11:11:48.465489,118.4
2025-11-28T11:11:49.454704,127.8
2025-11-28T11:11:50.871650,145.8
2025-11-28T11:11:50.881846,145.8
2025-11-28T11:11:51.106631,145.8
2025-11-28T11:11:51.896005,168.6
2025-11-28T11:11:52.452008,194.1
2025-11-28T11:11:52.464669,194.1
2025-11-28T11:11:53.880180,213.6
2025-11-28T11:11:54.461124,28.7
2025-11-28T11:11:54.469659,28.7
2025-11-28T11:11:55.894584,33.5
2025-11-28T11:11:56.455231,35.6
2025-11-28T11:11:56.462885,35.6
2025-11-28T11:11:57.877471,38.3
2025-11-28T11:11:58.447242,88.1
2025-11-28T11:11:58.454997,88.1
2025-11-28T11:11:59.937284,111.0
2025-11-28T11:12:00.274894,111.0
2025-11-28T11:12:00.887610,67.3
2025-11-28T11:12:00.898145,67.3
2025-11-28T11:12:01.107861,67.3
2025-11-28T11:12:01.884998,79.6
2025-11-28T11:12:02.450675,62.9
2025-11-28T11:12:02.461758,62.9
2025-11-28T11:12:03.896769,48.5
2025-11-28T11:12:04.956367,48.2
2025-11-28T11:12:05.439349,40.5
2025-11-28T11:12:06.937896,37.1
2025-11-28T11:12:06.948557,37.1
2025-11-28T11:12:07.439302,32.5
2025-11-28T11:12:08.887607,35.5
2025-11-28T11:12:09.436689,31.6
2025-11-28T11:12:10.439736,37.9
2025-11-28T11:12:11.104034,37.9
2025-11-28T11:12:11.430860,57.0
2025-11-28T11:12:12.951816,66.3
2025-11-28T11:12:12.961201,66.3
2025-11-28T11:12:13.432400,71.0
2025-11-28T11:12:14.903586,78.4
2025-11-28T11:12:14.909433,78.4
2025-11-28T11:12:15.431418,83.6
2025-11-28T11:12:16.951576,91.0
2025-11-28T11:12:16.959271,91.0
2025-11-28T11:12:17.432483,97.6
2025-11-28T11:12:18.900665,104.6
2025-11-28T11:12:18.906698,104.6
2025-11-28T11:12:19.900319,110.6
2025-11-28T11:12:20.984313,118.3
2025-11-28T11:12:20.991191,118.3
2025-11-28T11:12:21.106798,118.3
2025-11-28T11:12:22.135154,125.4
2025-11-28T11:12:22.485285,134.5
2025-11-28T11:12:22.494075,134.5
2025-11-28T11:12:23.860466,143.2
2025-11-28T11:12:24.458871,153.2
2025-11-28T11:12:24.467062,153.2
2025-11-28T11:12:25.877332,164.2
2025-11-28T11:12:26.463602,174.8
2025-11-28T11:12:26.472951,174.8
2025-11-28T11:12:27.900035,187.6
2025-11-28T11:12:28.435629,196.6
2025-11-28T11:12:29.909827,204.9
2025-11-28T11:12:30.452285,216.4
2025-11-28T11:12:30.460539,216.4
2025-11-28T11:12:31.104224,216.4
2025-11-28T11:12:32.456586,158.8
2025-11-28T11:12:32.468559,158.8
2025-11-28T11:12:33.440034,119.8
2025-11-28T11:12:34.867533,26.9
2025-11-28T11:12:34.873551,26.9
2025-11-28T11:12:39.954836,25.4
2025-11-28T11:12:41.101862,24.8
2025-11-28T11:12:42.621217,20.0
2025-11-28T11:12:42.634620,16.2
2025-11-28T11:12:42.641072,16.2
2025-11-28T11:12:43.896369,12.5
2025-11-28T11:12:44.452453,7.6
2025-11-28T11:12:44.458099,7.6
2025-11-28T11:12:50.527612,11.5
2025-11-28T11:12:51.103293,11.5
2025-11-28T11:12:52.128203,14.9
2025-11-28T11:12:52.431288,12.0
2025-11-28T11:12:55.446492,14.5
2025-11-28T11:12:56.922638,46.7
2025-11-28T11:12:56.928199,46.7
2025-11-28T11:12:57.436069,88.4
2025-11-28T11:12:58.450368,156.3
2025-11-28T11:12:58.458470,156.3
2025-11-28T11:12:59.860097,145.3
2025-11-28T11:13:00.251291,145.3
2025-11-28T11:13:00.953708,31.8
2025-11-28T11:13:00.998727,31.8
2025-11-28T11:13:01.105110,31.8
2025-11-28T11:13:01.847949,67.9
2025-11-28T11:13:02.449721,76.5
2025-11-28T11:13:02.456386,76.5
2025-11-28T11:13:03.900848,34.5
2025-11-28T11:13:04.449555,12.0
2025-11-28T11:13:04.456030,12.0
2025-11-28T11:13:08.549345,15.6
2025-11-28T11:13:09.846490,49.5
2025-11-28T11:13:10.454841,93.4
2025-11-28T11:13:10.464216,93.4
2025-11-28T11:13:11.103927,93.4
2025-11-28T11:13:12.129813,137.6
2025-11-28T11:13:12.434868,139.9
2025-11-28T11:13:13.426482,55.2
2025-11-28T11:13:14.900280,78.8
2025-11-28T11:13:14.906337,78.8
2025-11-28T11:13:16.471037,32.0
2025-11-28T11:13:16.485620,32.0
2025-11-28T11:13:17.428903,12.1
2025-11-28T11:13:18.837242,11.9
2025-11-28T11:13:21.243781,12.2
2025-11-28T11:13:22.623781,15.9
2025-11-28T11:13:22.666766,49.1
2025-11-28T11:13:22.667805,49.1
2025-11-28T11:13:23.832191,97.0
2025-11-28T11:13:24.450338,136.0
2025-11-28T11:13:24.458867,136.0
2025-11-28T11:13:25.748692,161.6
2025-11-28T11:13:26.453048,51.6
2025-11-28T11:13:26.464279,51.6
2025-11-28T11:13:27.430229,74.1
2025-11-28T11:13:28.448812,93.9
2025-11-28T11:13:28.459326,93.9
2025-11-28T11:13:29.437378,27.8
2025-11-28T11:13:30.444407,11.8
2025-11-28T11:13:30.455761,11.8
2025-11-28T11:13:31.098409,11.8
2025-11-28T11:13:34.564250,16.3
2025-11-28T11:13:34.573148,16.3
2025-11-28T11:13:36.310498,50.5
2025-11-28T11:13:36.442915,102.3
2025-11-28T11:13:36.449312,102.3
2025-11-28T11:13:37.429805,144.2
2025-11-28T11:13:38.815318,162.8
2025-11-28T11:13:38.824304,162.8
2025-11-28T11:13:39.427299,69.9
2025-11-28T11:13:40.798675,93.1
2025-11-28T11:13:40.805366,93.1
2025-11-28T11:13:41.095357,93.1
2025-11-28T11:13:42.443347,27.1
2025-11-28T11:13:42.449608,27.1
2025-11-28T11:13:43.495567,11.8
2025-11-28T11:13:45.331316,11.8
2025-11-28T11:13:47.424170,16.4
2025-11-28T11:13:48.887409,51.1
2025-11-28T11:13:48.891908,51.1
2025-11-28T11:13:49.430413,106.8
2025-11-28T11:13:50.902998,143.8
2025-11-28T11:13:50.911052,143.8
2025-11-28T11:13:51.098775,143.8
2025-11-28T11:13:51.891740,208.1
2025-11-28T11:13:52.441790,82.5
2025-11-28T11:13:52.445789,82.5
2025-11-28T11:13:53.939012,103.0
2025-11-28T11:13:54.449829,142.3
2025-11-28T11:13:54.454115,142.3
2025-11-28T11:13:55.426676,33.2
2025-11-28T11:13:56.442023,11.9
2025-11-28T11:13:56.446454,11.9
2025-11-28T11:14:00.390332,11.8
2025-11-28T11:14:04.659726,18.4
2025-11-28T11:14:04.664391,18.4
2025-11-28T11:14:04.674016,18.4
2025-11-28T11:14:04.759081,53.6
2025-11-28T11:14:04.773898,111.0
2025-11-28T11:14:04.781847,111.0
2025-11-28T11:14:04.846536,157.9
2025-11-28T11:14:04.862881,240.5
2025-11-28T11:14:04.868718,240.5
2025-11-28T11:14:05.483857,105.5
2025-11-28T11:14:06.776579,150.8
2025-11-28T11:14:06.839524,150.8
2025-11-28T11:14:08.498548,31.2
2025-11-28T11:14:08.505711,31.2
2025-11-28T11:14:09.857029,12.0
2025-11-28T11:14:10.427913,11.9
2025-11-28T11:14:11.131473,11.9
2025-11-28T11:14:13.424187,17.7
2025-11-28T11:14:14.969534,53.2
2025-11-28T11:14:14.973930,53.2
2025-11-28T11:14:15.429556,116.4
2025-11-28T11:14:16.442159,157.5
2025-11-28T11:14:16.447943,157.5
2025-11-28T11:14:17.814564,252.0
2025-11-28T11:14:18.443681,114.7
2025-11-28T11:14:18.486763,114.7
2025-11-28T11:14:19.877861,139.2
2025-11-28T11:14:20.445249,164.2
2025-11-28T11:14:20.453448,164.2
2025-11-28T11:14:21.100257,164.2
2025-11-28T11:14:21.450990,33.1
2025-11-28T11:14:22.441650,12.1
2025-11-28T11:14:22.447871,12.1
2025-11-28T11:14:28.020369,7.8
2025-11-28T11:14:29.488143,30.8
2025-11-28T11:14:30.832905,55.9
2025-11-28T11:14:30.838533,55.9
2025-11-28T11:14:31.132290,55.9
2025-11-28T11:14:31.956314,157.3
2025-11-28T11:14:32.510886,242.1
2025-11-28T11:14:32.516229,242.1
2025-11-28T11:14:33.846072,209.5
2025-11-28T11:14:34.485604,189.3
2025-11-28T11:14:34.530847,189.3
2025-11-28T11:14:37.878444,206.3
2025-11-28T11:14:38.436852,225.8
2025-11-28T11:14:38.445542,225.8
2025-11-28T11:14:39.895237,188.5
2025-11-28T11:14:40.424179,218.6
2025-11-28T11:14:41.157299,218.6
2025-11-28T11:14:42.115887,235.1
2025-11-28T11:14:42.438909,200.6
2025-11-28T11:14:42.445081,200.6
2025-11-28T11:14:43.447512,212.5
2025-11-28T11:14:44.450757,222.9
2025-11-28T11:14:46.906556,229.3
2025-11-28T11:14:47.906815,207.7
2025-11-28T11:14:48.471606,225.5
2025-11-28T11:14:49.913945,214.0
2025-11-28T11:14:51.094120,218.6
2025-11-28T11:14:52.627265,125.6
2025-11-28T11:14:52.638056,7.9
2025-11-28T11:14:52.644272,7.9
2025-11-28T11:14:54.962468,35.6
2025-11-28T11:14:54.966516,35.6
2025-11-28T11:14:55.897742,37.8
2025-11-28T11:14:56.983489,15.0
2025-11-28T11:14:56.987253,15.0
2025-11-28T11:14:57.910784,12.0
2025-11-28T11:15:00.244615,11.9
2025-11-28T11:15:01.091942,12.1
2025-11-28T11:15:03.955998,10.1
2025-11-28T11:15:04.474667,7.6
2025-11-28T11:15:04.480235,7.6
2025-11-28T11:15:06.868535,35.8
2025-11-28T11:15:06.878665,35.8
2025-11-28T11:15:07.428900,66.0
2025-11-28T11:15:08.954952,170.7
2025-11-28T11:15:08.971598,170.7
2025-11-28T11:15:09.908769,300.0
2025-11-28T11:15:10.441795,217.9
2025-11-28T11:15:10.449220,217.9
2025-11-28T11:15:11.092340,217.9
2025-11-28T11:15:12.448509,283.6
2025-11-28T11:15:12.490735,283.6
2025-11-28T11:15:14.869724,230.3
2025-11-28T11:15:14.874361,230.3
2025-11-28T11:15:16.952328,268.7
2025-11-28T11:15:16.957920,268.7
2025-11-28T11:15:17.434711,235.9
2025-11-28T11:15:18.900250,262.0
2025-11-28T11:15:19.424180,247.6
2025-11-28T11:15:20.947337,263.2
2025-11-28T11:15:21.094029,263.2
2025-11-28T11:15:22.439007,244.4
2025-11-28T11:15:22.446939,244.4
2025-11-28T11:15:24.444452,264.9
2025-11-28T11:15:24.456383,264.9
2025-11-28T11:15:28.645248,112.5
2025-11-28T11:15:28.655193,112.5
2025-11-28T11:15:29.784557,7.8
2025-11-28T11:15:30.776084,9.5
2025-11-28T11:15:30.786739,9.5
2025-11-28T11:15:31.093813,9.5
2025-11-28T11:15:31.736033,41.1
2025-11-28T11:15:32.446760,76.7
2025-11-28T11:15:32.458347,76.7
2025-11-28T11:15:33.753991,167.7
2025-11-28T11:15:34.440297,92.2
2025-11-28T11:15:34.446067,92.2
2025-11-28T11:15:36.467845,8.0
2025-11-28T11:15:36.478930,13.6
2025-11-28T11:15:36.485547,13.6
2025-11-28T11:15:38.424728,17.0
2025-11-28T11:15:39.829403,21.3
2025-11-28T11:15:40.437566,28.4
2025-11-28T11:15:40.443572,28.4
2025-11-28T11:15:41.091956,28.4
2025-11-28T11:15:42.143312,35.0
2025-11-28T11:15:42.903601,39.6
2025-11-28T11:15:42.910078,39.6
2025-11-28T11:15:43.424103,42.6
2025-11-28T11:15:44.917219,43.2
2025-11-28T11:15:47.477315,47.7
2025-11-28T11:15:48.952805,82.0
2025-11-28T11:15:48.996410,82.0
2025-11-28T11:15:49.879435,131.5
2025-11-28T11:15:50.934162,201.3
2025-11-28T11:15:50.945042,201.3
2025-11-28T11:15:51.095627,201.3
2025-11-28T11:15:52.139764,298.6
2025-11-28T11:15:52.440415,232.6
2025-11-28T11:15:52.446562,232.6
2025-11-28T11:15:55.461384,278.9
2025-11-28T11:15:56.894336,212.3
2025-11-28T11:15:56.905360,212.3
2025-11-28T11:15:57.431242,261.9
2025-11-28T11:15:58.937056,243.3
2025-11-28T11:15:58.944327,243.3
2025-11-28T11:16:00.245384,243.3
2025-11-28T11:16:00.474399,222.7
2025-11-28T11:16:00.479790,222.7
2025-11-28T11:16:01.092226,222.7
2025-11-28T11:16:01.814931,238.5
2025-11-28T11:16:02.441839,208.1
2025-11-28T11:16:02.447673,208.1
2025-11-28T11:16:03.424082,220.0
2025-11-28T11:16:06.933207,222.5
2025-11-28T11:16:07.422407,49.8
2025-11-28T11:16:08.956974,7.7
2025-11-28T11:16:08.971357,7.7
2025-11-28T11:16:09.876510,11.5
2025-11-28T11:16:10.440181,14.6
2025-11-28T11:16:10.449302,14.6
2025-11-28T11:16:11.098482,14.6
2025-11-28T11:16:12.437550,19.1
2025-11-28T11:16:12.450639,19.1
2025-11-28T11:16:13.425041,24.8
2025-11-28T11:16:14.870827,22.4
2025-11-28T11:16:15.422463,16.1
2025-11-28T11:16:16.426003,15.1
2025-11-28T11:16:18.450545,13.8
2025-11-28T11:16:18.455630,13.8
2025-11-28T11:16:20.889262,15.1
2025-11-28T11:16:21.097900,15.1
2025-11-28T11:16:22.930460,16.1
2025-11-28T11:16:26.072419,12.2
2025-11-28T11:16:26.435238,14.3
2025-11-28T11:16:27.892424,47.0
2025-11-28T11:16:28.982589,92.9
2025-11-28T11:16:28.991911,92.9
2025-11-28T11:16:29.425891,141.2
2025-11-28T11:16:30.932914,345.0
2025-11-28T11:16:30.937763,345.0
2025-11-28T11:16:31.090762,345
2025-11-28T11:16:31.423656,284.7
2025-11-28T11:16:32.919122,211.4
2025-11-28T11:16:32.929881,211.4
2025-11-28T11:16:33.420517,137.7
2025-11-28T11:16:34.435718,68.3
2025-11-28T11:16:34.442578,68.3
2025-11-28T11:16:35.421526,56.6
2025-11-28T11:16:36.925213,63.7
2025-11-28T11:16:37.425120,55.3
2025-11-28T11:16:38.969510,22.4
2025-11-28T11:16:38.975450,22.4
2025-11-28T11:16:39.419216,232.7
2025-11-28T11:16:40.457401,213.4
2025-11-28T11:16:40.469967,213.4
2025-11-28T11:16:41.092877,213.4
2025-11-28T11:16:41.429149,140.7
2025-11-28T11:16:42.441695,72.9
2025-11-28T11:16:42.454579,72.9
2025-11-28T11:16:43.420924,89.7
2025-11-28T11:16:44.883553,73.0
2025-11-28T11:16:45.425192,63.3
2025-11-28T11:16:46.966972,55.2
2025-11-28T11:16:46.972740,55.2
2025-11-28T11:16:48.435396,44.2
2025-11-28T11:16:48.440069,44.2
2025-11-28T11:16:51.158997,42.7
2025-11-28T11:16:53.426492,23.3
2025-11-28T11:16:54.903820,147.3
2025-11-28T11:16:54.911873,147.3
2025-11-28T11:16:55.425929,175.8
2025-11-28T11:16:56.440398,134.8
2025-11-28T11:16:56.461780,134.8
2025-11-28T11:16:57.822635,100.1
2025-11-28T11:16:58.807293,102.1
2025-11-28T11:16:59.430945,78.7
2025-11-28T11:17:00.256834,78.7
2025-11-28T11:17:00.446680,51.9
2025-11-28T11:17:00.454645,51.9
2025-11-28T11:17:01.096059,51.9
2025-11-28T11:17:02.125708,56.9
2025-11-28T11:17:02.908569,50.6
2025-11-28T11:17:03.423824,45.6
2025-11-28T11:17:04.437379,40.9
2025-11-28T11:17:04.446161,40.9
2025-11-28T11:17:08.580130,50.4
2025-11-28T11:17:08.590186,50.4
2025-11-28T11:17:09.815400,77.7
2025-11-28T11:17:10.424277,78.2
2025-11-28T11:17:11.090432,78.2
2025-11-28T11:17:12.163473,84.1
2025-11-28T11:17:12.862663,93.2
2025-11-28T11:17:12.906735,93.2
2025-11-28T11:17:13.423987,100.3
2025-11-28T11:17:14.932177,109.0
2025-11-28T11:17:14.938451,109.0
2025-11-28T11:17:15.896196,117.5
2025-11-28T11:17:16.448141,125.4
2025-11-28T11:17:16.456922,125.4
2025-11-28T11:17:17.911988,133.0
2025-11-28T11:17:18.436411,146.9
2025-11-28T11:17:18.441826,146.9
2025-11-28T11:17:19.892987,168.1
2025-11-28T11:17:20.444144,184.9
2025-11-28T11:17:20.453720,184.9
2025-11-28T11:17:21.089655,184.9
2025-11-28T11:17:22.134562,202.0
2025-11-28T11:17:22.435379,224.5
2025-11-28T11:17:22.445647,224.5
2025-11-28T11:17:23.425747,248.1
2025-11-28T11:17:24.917380,267.9
2025-11-28T11:17:24.924235,267.9
2025-11-28T11:17:25.422336,287.7
2025-11-28T11:17:26.934625,309.1
2025-11-28T11:17:26.943859,309.1
2025-11-28T11:17:27.419059,335.0
2025-11-28T11:17:28.917796,356.8
2025-11-28T11:17:28.962714,356.8
2025-11-28T11:17:30.439271,301.5
2025-11-28T11:17:30.448294,301.5
2025-11-28T11:17:31.092661,301.5
2025-11-28T11:17:32.131126,118.0
2025-11-28T11:17:32.440791,20.1
2025-11-28T11:17:32.449305,20.1
2025-11-28T11:17:39.496302,13.4
2025-11-28T11:17:40.855540,7.9
2025-11-28T11:17:40.867703,7.9
2025-11-28T11:17:41.092004,7.9
2025-11-28T11:17:46.668842,9.9
2025-11-28T11:17:47.895212,15.3
2025-11-28T11:17:48.432893,12.0
2025-11-28T11:17:51.164576,12.1
2025-11-28T11:17:52.133573,15.3
2025-11-28T11:17:52.439218,48.1
2025-11-28T11:17:52.449223,48.1
2025-11-28T11:17:53.423430,108.3
2025-11-28T11:17:54.932257,124.2
2025-11-28T11:17:54.938091,124.2
2025-11-28T11:17:55.893366,158.3
2025-11-28T11:17:56.437777,38.1
2025-11-28T11:17:56.448121,38.1
2025-11-28T11:17:57.918223,72.4
2025-11-28T11:17:58.421542,70.3
2025-11-28T11:17:59.416308,25.5
2025-11-28T11:18:00.760705,25.5
2025-11-28T11:18:00.775515,7.5
2025-11-28T11:18:00.787417,7.5
2025-11-28T11:18:01.086006,7.5
2025-11-28T11:18:03.861488,14.0
2025-11-28T11:18:04.459910,19.8
2025-11-28T11:18:04.463683,19.8
2025-11-28T11:18:05.877801,53.7
2025-11-28T11:18:06.430764,116.1
2025-11-28T11:18:06.474714,116.1
2025-11-28T11:18:07.892776,131.1
2025-11-28T11:18:08.445931,130.9
2025-11-28T11:18:09.979932,56.2
2025-11-28T11:18:10.963734,71.0
2025-11-28T11:18:10.971479,71.0
2025-11-28T11:18:11.159885,71
2025-11-28T11:18:11.449896,81.8
2025-11-28T11:18:12.431364,23.4
2025-11-28T11:18:12.437937,23.4
2025-11-28T11:18:13.876781,11.8
2025-11-28T11:18:14.418843,12.0
2025-11-28T11:18:16.474145,9.1
2025-11-28T11:18:17.413623,14.4
2025-11-28T11:18:18.469995,50.3
2025-11-28T11:18:18.480022,50.3
2025-11-28T11:18:19.465044,118.2
2025-11-28T11:18:20.430883,137.2
2025-11-28T11:18:20.443860,137.2
2025-11-28T11:18:21.086574,137.2
2025-11-28T11:18:22.135996,167.9
2025-11-28T11:18:22.430511,55.4
2025-11-28T11:18:22.436560,55.4
2025-11-28T11:18:23.891907,95.7
2025-11-28T11:18:24.502498,89.1
2025-11-28T11:18:24.506984,89.1
2025-11-28T11:18:25.842843,18.9
2025-11-28T11:18:26.487700,11.9
2025-11-28T11:18:26.492240,11.9
2025-11-28T11:18:30.492879,20.7
2025-11-28T11:18:30.502171,20.7
2025-11-28T11:18:31.083922,20.7
2025-11-28T11:18:32.128035,56.4
2025-11-28T11:18:32.439028,124.9
2025-11-28T11:18:32.445256,124.9
2025-11-28T11:18:34.322981,146.2
2025-11-28T11:18:34.413438,152.9
2025-11-28T11:18:35.832231,64.8
2025-11-28T11:18:36.431680,96.3
2025-11-28T11:18:36.436612,96.3
2025-11-28T11:18:37.811123,101.9
2025-11-28T11:18:38.456817,16.6
2025-11-28T11:18:38.498695,16.6
2025-11-28T11:18:39.716884,11.8
2025-11-28T11:18:40.464276,11.8
2025-11-28T11:18:41.087559,11.8
2025-11-28T11:18:43.479759,20.6
2025-11-28T11:18:44.826647,55.9
2025-11-28T11:18:44.831724,55.9
2025-11-28T11:18:45.465767,129.5
2025-11-28T11:18:46.482765,155.6
2025-11-28T11:18:46.491178,155.6
2025-11-28T11:18:47.428609,199.0
2025-11-28T11:18:48.953146,75.4
2025-11-28T11:18:48.998715,75.4
2025-11-28T11:18:49.415249,117.2
2025-11-28T11:18:50.430292,110.0
2025-11-28T11:18:50.451813,110.0
2025-11-28T11:18:51.083323,110
2025-11-28T11:18:51.890497,13.7
2025-11-28T11:18:52.430856,11.8
2025-11-28T11:18:52.435240,11.8
2025-11-28T11:18:57.244290,22.3
2025-11-28T11:18:57.251777,22.3
2025-11-28T11:18:57.433954,57.9
2025-11-28T11:18:58.439980,131.8
2025-11-28T11:18:58.445660,131.8
2025-11-28T11:18:59.413602,165.5
2025-11-28T11:19:00.253209,165.5
2025-11-28T11:19:00.453491,199.1
2025-11-28T11:19:00.458450,199.1
2025-11-28T11:19:01.082549,199.1
2025-11-28T11:19:01.957835,138.2
2025-11-28T11:19:02.519172,129.1
2025-11-28T11:19:02.526140,129.1
2025-11-28T11:19:03.766556,141.7
2025-11-28T11:19:04.451132,12.6
2025-11-28T11:19:04.457060,12.6
2025-11-28T11:19:09.409062,11.5
2025-11-28T11:19:09.421538,22.7
2025-11-28T11:19:10.432153,57.7
2025-11-28T11:19:10.443453,57.7
2025-11-28T11:19:11.086441,57.7
2025-11-28T11:19:12.131225,126.1
2025-11-28T11:19:12.434706,11.8
2025-11-28T11:19:12.444951,11.8
2025-11-28T11:19:13.846528,9.6
2025-11-28T11:19:14.836164,24.5
2025-11-28T11:19:14.842019,24.5
2025-11-28T11:19:15.422519,56.8
2025-11-28T11:19:16.820645,134.9
2025-11-28T11:19:16.827666,134.9
2025-11-28T11:19:17.426015,233.2
2025-11-28T11:19:18.773490,236.7
2025-11-28T11:19:19.417422,119.8
2025-11-28T11:19:20.444149,195.5
2025-11-28T11:19:20.453140,195.5
2025-11-28T11:19:21.084730,195.5
2025-11-28T11:19:22.130357,219.4
2025-11-28T11:19:22.420069,201.1
2025-11-28T11:19:23.419397,187.3
2025-11-28T11:19:24.433804,237.3
2025-11-28T11:19:24.443452,237.3
2025-11-28T11:19:25.423756,173.0
2025-11-28T11:19:26.420407,248.5
2025-11-28T11:19:27.891116,212.2
2025-11-28T11:19:28.420595,207.7
2025-11-28T11:19:30.439900,243.6
2025-11-28T11:19:30.449344,243.6
2025-11-28T11:19:31.082588,243.6
2025-11-28T11:19:32.889243,230.9
2025-11-28T11:19:34.418667,222.7
2025-11-28T11:19:37.971839,7.8
2025-11-28T11:19:38.412530,7.6
2025-11-28T11:19:39.897833,24.1
2025-11-28T11:19:40.440840,56.4
2025-11-28T11:19:40.446001,56.4
2025-11-28T11:19:41.083487,56.4
2025-11-28T11:19:41.470370,137.5
2025-11-28T11:19:42.427391,232.5
2025-11-28T11:19:42.434041,232.5
2025-11-28T11:19:43.859629,249.1
2025-11-28T11:19:44.426231,140.3
2025-11-28T11:19:44.430119,140.3
2025-11-28T11:19:45.410900,189.2
2025-11-28T11:19:46.436611,214.5
2025-11-28T11:19:46.444452,214.5
2025-11-28T11:19:47.414094,200.8
2025-11-28T11:19:48.420995,216.8
2025-11-28T11:19:50.433492,245.9
2025-11-28T11:19:50.447811,245.9
2025-11-28T11:19:51.084691,245.9
2025-11-28T11:19:52.130627,228.7
2025-11-28T11:19:52.432421,248.0
2025-11-28T11:19:54.428856,262.8
2025-11-28T11:19:54.470703,262.8
2025-11-28T11:19:55.417604,246.3
2025-11-28T11:19:56.886618,258.8
2025-11-28T11:19:57.419304,281.7
2025-11-28T11:19:58.962695,242.2
2025-11-28T11:19:58.966509,242.2
2025-11-28T11:19:59.417188,273.6
2025-11-28T11:20:00.238405,273.6
2025-11-28T11:20:00.416880,277.6
2025-11-28T11:20:01.085626,277.6
2025-11-28T11:20:01.420104,231.3
2025-11-28T11:20:02.453191,7.1
2025-11-28T11:20:02.458366,7.1
2025-11-28T11:20:04.429526,28.4
2025-11-28T11:20:04.434326,28.4
2025-11-28T11:20:05.843158,56.0
2025-11-28T11:20:06.438434,146.4
2025-11-28T11:20:06.446291,146.4
2025-11-28T11:20:07.770738,232.9
2025-11-28T11:20:08.436258,297.2
2025-11-28T11:20:08.444587,297.2
2025-11-28T11:20:09.782785,225.7
2025-11-28T11:20:10.772051,243.6
2025-11-28T11:20:10.818714,243.6
2025-11-28T11:20:11.086628,243.6
2025-11-28T11:20:12.127478,191.7
2025-11-28T11:20:12.438290,11.0
2025-11-28T11:20:12.448857,11.0
2025-11-28T11:20:13.419349,13.2
2025-11-28T11:20:14.839795,15.7
2025-11-28T11:20:15.418693,18.8
2025-11-28T11:20:16.887694,22.7
2025-11-28T11:20:16.893529,22.7
2025-11-28T11:20:17.422184,30.2
2025-11-28T11:20:18.937170,36.1
2025-11-28T11:20:18.942955,36.1
2025-11-28T11:20:19.416192,40.1
2025-11-28T11:20:20.420398,42.0
2025-11-28T11:20:21.083479,42
2025-11-28T11:20:21.907556,43.0
2025-11-28T11:20:23.927073,75.5
2025-11-28T11:20:24.432569,102.1
2025-11-28T11:20:24.442337,102.1
2025-11-28T11:20:25.429796,205.2
2025-11-28T11:20:26.902682,301.7
2025-11-28T11:20:26.910802,301.7
2025-11-28T11:20:27.413664,234.7
2025-11-28T11:20:28.438974,179.7
2025-11-28T11:20:28.448024,179.7
2025-11-28T11:20:29.881570,254.0
2025-11-28T11:20:30.437162,240.8
2025-11-28T11:20:30.444996,240.8
2025-11-28T11:20:31.084091,240.8
2025-11-28T11:20:31.417212,253.7
2025-11-28T11:20:32.917788,220.6
2025-11-28T11:20:32.925687,220.6
2025-11-28T11:20:33.415974,246.9
2025-11-28T11:20:34.433136,252.9
2025-11-28T11:20:35.413019,227.2
2025-11-28T11:20:36.430033,203.3
2025-11-28T11:20:36.437361,203.3
2025-11-28T11:20:37.495160,247.4
2025-11-28T11:20:38.868295,282.5
2025-11-28T11:20:38.872505,282.5
2025-11-28T11:20:39.412312,229.3
2025-11-28T11:20:40.953868,215.7
2025-11-28T11:20:40.960985,215.7
2025-11-28T11:20:41.083709,215.7
2025-11-28T11:20:41.878452,240.5
2025-11-28T11:20:42.425293,114.8
2025-11-28T11:20:42.431612,114.8
2025-11-28T11:20:43.867118,32.2
2025-11-28T11:20:44.981087,10.7
2025-11-28T11:20:44.987417,10.7
2025-11-28T11:20:45.943519,9.4
2025-11-28T11:20:46.413086,11.1
2025-11-28T11:20:47.413572,15.1
2025-11-28T11:20:49.434887,18.5
2025-11-28T11:20:50.942360,22.6
2025-11-28T11:20:50.957697,22.6
2025-11-28T11:20:51.095861,22.6
2025-11-28T11:20:52.140956,27.9
2025-11-28T11:20:52.422813,20.9
2025-11-28T11:20:53.424195,17.0
2025-11-28T11:20:54.435431,14.7
2025-11-28T11:20:54.444995,14.7
2025-11-28T11:21:00.058366,16.0
2025-11-28T11:21:00.231628,16.0
2025-11-28T11:21:01.085001,16.4
2025-11-28T11:21:02.420077,14.5
2025-11-28T11:21:03.413890,10.4
2025-11-28T11:21:04.429941,37.1
2025-11-28T11:21:04.680398,37.1
2025-11-28T11:21:05.974674,59.0
2025-11-28T11:21:06.639451,153.2
2025-11-28T11:21:06.648852,153.2
2025-11-28T11:21:07.411201,295.8
2025-11-28T11:21:08.414965,301.1
2025-11-28T11:21:10.134508,255.4
2025-11-28T11:21:10.434889,130.3
2025-11-28T11:21:10.440462,130.3
2025-11-28T11:21:11.084915,130.3
2025-11-28T11:21:12.129499,77.2
2025-11-28T11:21:12.415552,76.0
2025-11-28T11:21:13.978456,63.7
2025-11-28T11:21:14.428226,67.2
2025-11-28T11:21:14.439020,67.2
2025-11-28T11:21:15.415997,51.2
2025-11-28T11:21:16.434295,32.8
2025-11-28T11:21:16.440227,32.8
2025-11-28T11:21:17.848667,217.8
2025-11-28T11:21:18.413955,214.4
2025-11-28T11:21:19.957479,140.9
2025-11-28T11:21:20.426381,92.9
2025-11-28T11:21:20.470686,92.9
2025-11-28T11:21:21.083229,92.9
2025-11-28T11:21:22.124114,71.3
2025-11-28T11:21:22.427883,58.2
2025-11-28T11:21:22.434565,58.2
2025-11-28T11:21:25.596097,44.7
2025-11-28T11:21:26.876124,25.7
2025-11-28T11:21:26.884596,25.7
2025-11-28T11:21:27.417097,169.1
2025-11-28T11:21:28.429274,126.0
2025-11-28T11:21:28.435661,126.0
2025-11-28T11:21:29.414506,101.2
2025-11-28T11:21:30.910760,83.9
2025-11-28T11:21:30.954825,83.9
2025-11-28T11:21:31.081058,83.9
2025-11-28T11:21:31.863229,71.0
2025-11-28T11:21:32.419115,72.0
2025-11-28T11:21:34.969080,57.4
2025-11-28T11:21:34.979188,57.4
2025-11-28T11:21:36.916490,21.0
2025-11-28T11:21:36.921556,21.0
2025-11-28T11:21:39.526081,25.2
2025-11-28T11:21:40.429995,58.5
2025-11-28T11:21:40.438601,58.5
2025-11-28T11:21:41.083773,58.5
2025-11-28T11:21:41.420346,113.3
2025-11-28T11:21:42.425923,163.5
2025-11-28T11:21:42.430897,163.5
2025-11-28T11:21:43.831041,260.5
2025-11-28T11:21:44.820460,206.1
2025-11-28T11:21:44.830072,206.1
2025-11-28T11:21:45.758873,127.2
2025-11-28T11:21:46.429746,69.7
2025-11-28T11:21:46.474710,69.7
2025-11-28T11:21:49.562130,53.2
2025-11-28T11:21:50.407762,51.1
2025-11-28T11:21:51.078151,51.1
2025-11-28T11:21:52.118017,26.1
2025-11-28T11:21:52.424820,120.8
2025-11-28T11:21:52.430411,120.8
2025-11-28T11:21:53.411193,178.8
2025-11-28T11:21:54.902144,149.9
2025-11-28T11:21:54.907695,149.9
2025-11-28T11:21:55.410447,102.9
2025-11-28T11:21:56.425672,72.5
2025-11-28T11:21:56.430595,72.5
2025-11-28T11:21:58.426973,65.9
2025-11-28T11:21:58.442984,65.9
2025-11-28T11:21:59.797554,61.3
2025-11-28T11:22:00.444822,61.3
2025-11-28T11:22:00.459664,61.8
2025-11-28T11:22:01.081703,61.8
2025-11-28T11:22:01.416098,49.2
2025-11-28T11:22:02.416312,47.3
2025-11-28T11:22:03.412685,41.0
2025-11-28T11:22:04.888551,47.7
2025-11-28T11:22:05.424016,41.4
2025-11-28T11:22:06.426858,55.9
2025-11-28T11:22:06.439410,55.9
2025-11-28T11:22:07.896081,75.4
2025-11-28T11:22:08.411525,78.8
2025-11-28T11:22:09.943378,85.9
2025-11-28T11:22:10.939541,93.3
2025-11-28T11:22:10.952750,93.3
2025-11-28T11:22:11.077316,93.3
2025-11-28T11:22:11.413479,104.1
2025-11-28T11:22:12.425842,112.0
2025-11-28T11:22:12.434091,112.0
2025-11-28T11:22:13.844680,123.8
2025-11-28T11:22:14.424195,135.4
2025-11-28T11:22:14.466754,135.4
2025-11-28T11:22:15.928046,152.1
2025-11-28T11:22:16.424366,173.8
2025-11-28T11:22:16.431237,173.8
2025-11-28T11:22:17.417921,207.0
2025-11-28T11:22:18.428451,161.2
2025-11-28T11:22:18.435618,161.2
2025-11-28T11:22:19.863962,34.4
2025-11-28T11:22:20.950143,35.9
2025-11-28T11:22:21.081224,35.9
2025-11-28T11:22:21.410992,36.5
2025-11-28T11:22:22.942342,54.7
2025-11-28T11:22:22.948314,54.7
2025-11-28T11:22:23.406764,161.6
2025-11-28T11:22:24.924545,86.5
2025-11-28T11:22:24.966698,86.5
2025-11-28T11:22:25.413352,79.4
2025-11-28T11:22:26.904754,71.3
2025-11-28T11:22:26.913421,71.3
2025-11-28T11:22:27.410776,59.7
2025-11-28T11:22:28.924415,50.4
2025-11-28T11:22:28.941168,50.4
2025-11-28T11:22:29.413303,46.7
2025-11-28T11:22:30.430956,41.3
2025-11-28T11:22:30.436406,41.3
2025-11-28T11:22:31.083764,41.3
2025-11-28T11:22:31.407882,33.8
2025-11-28T11:22:32.430451,38.1
2025-11-28T11:22:33.420526,33.6
2025-11-28T11:22:34.429098,37.3
2025-11-28T11:22:34.437802,37.3
2025-11-28T11:22:35.863013,40.9
2025-11-28T11:22:36.428284,64.7
2025-11-28T11:22:36.442584,64.7
2025-11-28T11:22:37.885793,69.4
2025-11-28T11:22:38.427796,73.6
2025-11-28T11:22:38.433917,73.6
2025-11-28T11:22:39.892826,82.3
2025-11-28T11:22:40.442192,87.5
2025-11-28T11:22:40.486752,87.5
2025-11-28T11:22:41.079922,87.5
2025-11-28T11:22:42.121043,95.7
2025-11-28T11:22:42.447260,103.0
2025-11-28T11:22:42.457249,103.0
2025-11-28T11:22:43.414095,110.6
2025-11-28T11:22:44.889511,117.3
2025-11-28T11:22:44.898562,117.3
2025-11-28T11:22:45.877550,128.7
2025-11-28T11:22:46.966926,139.6
2025-11-28T11:22:46.976437,139.6
2025-11-28T11:22:47.410350,154.5
2025-11-28T11:22:48.433053,168.5
2025-11-28T11:22:48.442098,168.5
2025-11-28T11:22:49.408659,185.0
2025-11-28T11:22:50.428230,197.9
2025-11-28T11:22:50.437554,197.9
2025-11-28T11:22:51.080246,197.9
2025-11-28T11:22:52.430649,213.7
2025-11-28T11:22:52.439026,213.7
2025-11-28T11:22:54.427498,230.1
2025-11-28T11:22:54.432791,230.1
2025-11-28T11:22:56.454111,246.6
2025-11-28T11:22:56.460747,246.6
2025-11-28T11:22:58.424318,262.5
2025-11-28T11:22:58.438201,262.5
2025-11-28T11:23:00.418598,257.7
2025-11-28T11:23:00.436688,216.7
2025-11-28T11:23:00.446424,216.7
2025-11-28T11:23:01.080889,216.7
2025-11-28T11:23:01.721433,233.2
2025-11-28T11:23:02.770915,255.7
2025-11-28T11:23:02.775329,255.7
2025-11-28T11:23:05.369815,235.1
2025-11-28T11:23:05.403019,235.1
2025-11-28T11:23:05.431613,200.5
2025-11-28T11:23:06.743495,179.3
2025-11-28T11:23:06.786703,179.3
2025-11-28T11:23:08.797289,166.7
2025-11-28T11:23:08.805947,166.7
2025-11-28T11:23:11.468617,160
2025-11-28T11:23:12.113586,156.4
2025-11-28T11:23:12.405855,155.0
2025-11-28T11:23:15.573479,165.3
2025-11-28T11:23:16.425136,185.7
2025-11-28T11:23:16.435727,185.7
2025-11-28T11:23:17.426645,200.1
2025-11-28T11:23:18.411220,208.8
2025-11-28T11:23:19.865083,214.2
2025-11-28T11:23:21.076328,218.3
2025-11-28T11:23:22.625017,224.9
2025-11-28T11:23:23.422948,228.5
2025-11-28T11:23:26.999660,238.9
2025-11-28T11:23:28.946684,216.7
2025-11-28T11:23:28.955288,216.7
2025-11-28T11:23:29.412233,193.3
2025-11-28T11:23:30.903648,180.1
2025-11-28T11:23:30.912537,180.1
2025-11-28T11:23:31.079137,180.1
2025-11-28T11:23:41.163344,173.2
2025-11-28T11:23:44.887871,163.9
2025-11-28T11:23:44.893271,163.9
2025-11-28T11:23:45.408855,179.7
2025-11-28T11:23:46.428846,204.5
2025-11-28T11:23:46.436550,204.5
2025-11-28T11:23:47.418131,220.1
2025-11-28T11:23:48.888061,232.6
2025-11-28T11:23:48.897473,232.6
2025-11-28T11:23:50.901867,246.7
2025-11-28T11:23:50.910767,246.7
2025-11-28T11:23:51.077142,246.7
2025-11-28T11:23:53.465052,261.6
2025-11-28T11:23:54.411252,266.5
2025-11-28T11:23:58.004959,278.0
2025-11-28T11:23:58.405025,282.1
2025-11-28T11:24:00.069888,285.9
2025-11-28T11:24:01.079076,289.7
2025-11-28T11:24:04.964781,296.2
2025-11-28T11:24:06.407122,311.0
2025-11-28T11:24:07.484897,315.3
2025-11-28T11:24:10.935550,331.0
2025-11-28T11:24:11.076249,331
2025-11-28T11:24:12.426128,282.3
2025-11-28T11:24:12.435153,282.3
2025-11-28T11:24:13.425759,266.4
2025-11-28T11:24:14.842722,259.5
2025-11-28T11:24:17.421189,253.0
2025-11-28T11:24:18.424524,242.6
2025-11-28T11:24:21.099233,242.5
2025-11-28T11:24:31.135177,249.4
2025-11-28T11:24:35.956757,236.8
2025-11-28T11:24:41.174681,241.4
2025-11-28T11:24:51.206605,242.7
2025-11-28T11:25:00.730044,239.2
2025-11-28T11:25:01.077964,242.7
2025-11-28T11:25:11.281685,229.1
2025-11-28T11:25:12.893092,229.0
2025-11-28T11:25:21.106672,238.2
2025-11-28T11:25:31.141943,231.7
2025-11-28T11:25:41.176911,231.3
2025-11-28T11:25:42.899582,224.6
2025-11-28T11:25:51.212999,224.8
2025-11-28T11:26:00.727181,223.4
2025-11-28T11:26:01.076550,223.9
2025-11-28T11:26:11.077851,232.9
2025-11-28T11:26:21.113052,221.2
2025-11-28T11:26:31.148489,221
2025-11-28T11:26:41.183703,230.4
2025-11-28T11:26:51.218842,219.1
2025-11-28T11:27:00.241864,218.8
2025-11-28T11:27:01.078671,218.6
2025-11-28T11:27:11.085402,230.1
2025-11-28T11:27:21.324355,217.6
2025-11-28T11:27:31.157257,216.7
2025-11-28T11:27:41.192284,223
2025-11-28T11:27:50.622213,215.6
2025-11-28T11:27:51.075852,215.6
2025-11-28T11:28:00.660039,216.3
2025-11-28T11:28:01.072405,215.7
2025-11-28T11:28:11.090916,222
2025-11-28T11:28:21.128262,217.1
2025-11-28T11:28:31.162555,213.5
2025-11-28T11:28:41.196646,214.1
2025-11-28T11:28:51.233116,223.7
2025-11-28T11:28:53.952307,213.2
2025-11-28T11:29:00.695849,213.5
2025-11-28T11:29:01.073900,213.2
2025-11-28T11:29:11.090838,213
2025-11-28T11:29:13.445295,165.7
2025-11-28T11:29:14.872675,7.8
2025-11-28T11:29:14.881761,7.8
2025-11-28T11:29:21.133606,7.7
2025-11-28T11:29:31.168291,7.5
2025-11-28T11:29:37.524173,13.6
2025-11-28T11:29:40.989191,15.9
2025-11-28T11:29:41.068221,15.9
2025-11-28T11:29:41.083867,15.9
2025-11-28T11:29:41.404686,20.9
2025-11-28T11:29:42.412758,54.4
2025-11-28T11:29:42.419293,54.4
2025-11-28T11:29:43.398456,107.3
2025-11-28T11:29:44.901941,121.9
2025-11-28T11:29:44.907258,121.9
2025-11-28T11:29:45.407372,111.9
2025-11-28T11:29:46.413217,22.1
2025-11-28T11:29:46.418489,22.1
2025-11-28T11:29:47.400695,28.8
2025-11-28T11:29:48.916446,34.1
2025-11-28T11:29:48.921435,34.1
2025-11-28T11:29:50.397708,36.6
2025-11-28T11:29:51.071178,36.6
2025-11-28T11:29:52.134823,34.5
2025-11-28T11:29:52.412280,14.1
2025-11-28T11:29:52.421798,14.1
2025-11-28T11:29:53.402690,7.5
2025-11-28T11:29:54.412626,7.5
2025-11-28T11:29:57.594633,19.1
2025-11-28T11:29:58.430655,53.5
2025-11-28T11:29:58.443972,53.5
2025-11-28T11:29:59.400058,110.9
2025-11-28T11:30:00.568867,110.9
2025-11-28T11:30:00.610732,117.6
2025-11-28T11:30:00.611667,117.6
2025-11-28T11:30:01.067192,117.6
2025-11-28T11:30:01.397174,102.2
2025-11-28T11:30:02.966607,33.5
2025-11-28T11:30:02.981798,33.5
2025-11-28T11:30:03.400764,39.0
2025-11-28T11:30:05.877216,41.5
2025-11-28T11:30:06.416721,34.7
2025-11-28T11:30:06.425313,34.7
2025-11-28T11:30:08.919633,12.6
2025-11-28T11:30:08.927630,12.6
2025-11-28T11:30:09.399454,7.5
2025-11-28T11:30:11.066788,7.3
2025-11-28T11:30:13.573196,12.2
2025-11-28T11:30:14.872614,47.4
2025-11-28T11:30:14.880651,47.4
2025-11-28T11:30:15.400421,108.7
2025-11-28T11:30:16.886635,111.6
2025-11-28T11:30:18.414506,29.1
2025-11-28T11:30:18.418813,29.1
2025-11-28T11:30:19.909139,38.6
2025-11-28T11:30:21.069068,40
2025-11-28T11:30:22.935043,44.5
2025-11-28T11:30:22.943998,44.5
2025-11-28T11:30:24.420759,17.7
2025-11-28T11:30:24.425827,17.7
2025-11-28T11:30:25.847400,15.1
2025-11-28T11:30:26.422581,9.8
2025-11-28T11:30:26.431279,9.8
2025-11-28T11:30:27.398631,7.3
2025-11-28T11:30:29.401316,15.3
2025-11-28T11:30:30.965309,50.3
2025-11-28T11:30:30.971408,50.3
2025-11-28T11:30:31.065817,50.3
2025-11-28T11:30:31.400401,115.5
2025-11-28T11:30:32.855341,105.9
2025-11-28T11:30:32.863824,105.9
2025-11-28T11:30:33.393709,74.2
2025-11-28T11:30:34.936721,31.6
2025-11-28T11:30:34.942553,31.6
2025-11-28T11:30:36.919520,11.1
2025-11-28T11:30:36.925934,11.1
2025-11-28T11:30:37.401969,8.0
2025-11-28T11:30:41.209517,8.1
2025-11-28T11:30:41.397688,20.8
2025-11-28T11:30:42.839885,10.3
2025-11-28T11:30:43.397724,7.7
2025-11-28T11:30:51.245217,8.1
2025-11-28T11:31:00.468256,7.9
2025-11-28T11:31:01.062955,7.8
2025-11-28T11:31:11.111047,8.1
2025-11-28T11:31:21.145832,7.7
2025-11-28T11:31:31.181618,7.6
2025-11-28T11:31:41.216897,7.6
2025-11-28T11:31:51.252171,7.4
2025-11-28T11:32:00.277123,7.8
2025-11-28T11:32:01.065407,7.5
2025-11-28T11:32:11.117513,7.5
2025-11-28T11:32:21.061561,7.5
2025-11-28T11:32:31.187979,7.4
2025-11-28T11:32:41.223757,7.5
2025-11-28T11:32:51.259274,7.9
2025-11-28T11:33:00.074444,7.6
2025-11-28T11:33:01.063437,7.6
2025-11-28T11:33:11.124541,7.6
2025-11-28T11:33:21.165059,7.6
2025-11-29T07:49:06.021696,0.0
2025-11-29T07:49:06.176083,0
2025-11-29T07:49:16.048143,0
2025-11-29T07:49:26.084648,0
2025-11-29T07:49:35.720103,0.0
2025-11-29T07:49:35.923330,0
2025-11-29T07:49:36.176561,1003.8
2025-11-29T07:49:37.185614,1091.5
2025-11-29T07:49:37.190701,1091.5
2025-11-29T07:49:45.951165,1084.8
2025-11-29T07:49:55.926672,1085.5
2025-11-29T07:50:00.087771,1085.6
2025-11-29T07:50:06.022507,1083.9
2025-11-29T07:50:16.058022,1078.4
2025-11-29T07:50:26.093689,1072.3
2025-11-29T07:50:30.196277,828.0
2025-11-29T07:50:31.195937,828.0
2025-11-29T07:50:32.179977,0.0
2025-11-29T07:50:36.129596,0
2025-11-29T07:50:45.960179,0
2025-11-29T07:50:55.995975,0
2025-11-29T07:51:00.101690,0.0
2025-11-29T07:51:05.219939,0.0
2025-11-29T07:51:05.923549,0
2025-11-29T07:51:09.315470,0.0
2025-11-29T07:51:12.181775,0.0
2025-11-29T07:51:13.179334,0.0
2025-11-29T07:51:16.067219,0
2025-11-29T07:51:21.192599,0.0
2025-11-29T07:51:26.102148,0
2025-11-29T07:51:35.933909,0
2025-11-29T07:51:45.969214,0
2025-11-29T07:51:56.004544,0
2025-11-29T07:52:00.106097,0.0
2025-11-29T07:52:05.924591,0
2025-11-29T07:52:16.075140,0
2025-11-29T07:52:26.110640,0
2025-11-29T07:52:29.182560,0.0
2025-11-29T07:52:33.284353,0.0
2025-11-29T07:52:35.941617,0
2025-11-29T07:52:45.976881,0
2025-11-29T07:52:56.012711,0
2025-11-29T07:53:00.113563,0.0
2025-11-29T07:53:06.048452,0
2025-11-29T07:53:16.083227,0
2025-11-29T07:53:26.118043,0
2025-11-29T17:00:21.915023,11.9
2025-11-29T17:00:24.538273,12.2
2025-11-29T17:00:34.419504,12
2025-11-29T17:00:41.679352,13.0
2025-11-29T17:00:44.392037,13.1
2025-11-29T17:00:45.648055,12.0
2025-11-29T17:00:54.403680,11.6
2025-11-29T17:01:00.136639,12.0
2025-11-29T17:01:04.340551,12
2025-11-29T17:01:14.347869,12.1
2025-11-29T17:01:24.375564,12.1
2025-11-29T17:01:34.326792,11.9
2025-11-29T17:01:44.331606,12.1
2025-11-29T17:01:54.362368,11.8
2025-11-29T17:01:59.997971,12.0
2025-11-29T17:02:04.307247,12.1
2025-11-29T17:02:14.320271,12.1
2025-11-29T17:02:24.350761,11.9
2025-11-29T17:02:34.314525,11.7
2025-11-29T17:02:44.389167,11.8
2025-11-29T17:02:54.439528,11.7
2025-11-29T17:03:00.088895,11.3
